[{"__type__":"cc.Prefab","_name":"notice_view","data":{"__id__":1}},{"__type__":"cc.Node","_name":"notice_view","_children":[{"__id__":2},{"__id__":3}],"_components":[{"__type__":"cc.Widget","node":{"__id__":1},"_alignFlags":45},{"__type__":"ff3c48QMc5Am4PRrXs45PvQ","node":{"__id__":1},"dialogBg":{"__id__":3}}],"_prefab":{"__type__":"cc.PrefabInfo","root":{"__id__":1},"asset":{"__uuid__":"64tvYEHadKaaRWofhAjzUU"},"fileId":"443YHYeqJKeac2zdi2CT26"},"_contentSize":{"__type__":"cc.Size","width":720,"height":1280},"_position":{"__type__":"cc.Vec2","x":360,"y":640}},{"__type__":"cc.Node","_name":"mask","_parent":{"__id__":1},"_components":[{"__type__":"cc.Sprite","node":{"__id__":2},"_spriteFrame":{"__uuid__":"0bP79embZA9o41gZiG1S47"},"_type":1,"_sizeMode":0},{"__type__":"cc.Button","node":{"__id__":2},"pressedColor":{"__type__":"cc.Color","r":255,"g":255,"b":255},"clickEvents":[{"__type__":"cc.ClickEvent","target":{"__id__":1},"component":"NoticeView","handler":"onClickMask"}],"_N$normalColor":{"__type__":"cc.Color","r":255,"g":255,"b":255},"_N$disabledColor":{"__type__":"cc.Color","r":255,"g":255,"b":255},"_N$normalSprite":{"__uuid__":"f0BIwQ8D5Ml7nTNQbh1YlS"},"_N$pressedSprite":{"__uuid__":"e97GVMl6JHh5Ml5qEDdSGa"},"pressedSprite":{"__uuid__":"e97GVMl6JHh5Ml5qEDdSGa"},"_N$hoverSprite":{"__uuid__":"e97GVMl6JHh5Ml5qEDdSGa"},"hoverSprite":{"__uuid__":"e97GVMl6JHh5Ml5qEDdSGa"},"_N$disabledSprite":{"__uuid__":"29FYIk+N1GYaeWH/q1NxQO"},"_N$target":{"__id__":2}},{"__type__":"cc.Widget","node":{"__id__":2},"_alignFlags":45,"_originalWidth":100,"_originalHeight":40}],"_prefab":{"__type__":"cc.PrefabInfo","root":{"__id__":1},"asset":{"__uuid__":"64tvYEHadKaaRWofhAjzUU"},"fileId":"78fdv8qIVFgIGhSikHzS2z"},"_opacity":200,"_color":{"__type__":"cc.Color"},"_contentSize":{"__type__":"cc.Size","width":720,"height":1280}},{"__type__":"cc.Node","_name":"dialog_bg","_parent":{"__id__":1},"_children":[{"__id__":4},{"__id__":5}],"_components":[{"__type__":"cc.Sprite","node":{"__id__":3},"_spriteFrame":{"__uuid__":"a26c4jsllCt7C02ycLzv1d"},"_sizeMode":0}],"_prefab":{"__type__":"cc.PrefabInfo","root":{"__id__":1},"asset":{"__uuid__":"64tvYEHadKaaRWofhAjzUU"},"fileId":"75CQl/2ixAXoTqQLfnA0Q9"},"_contentSize":{"__type__":"cc.Size","width":531,"height":400},"_position":{"__type__":"cc.Vec2","y":23}},{"__type__":"cc.Node","_name":"title","_parent":{"__id__":3},"_components":[{"__type__":"33366L8b2xN67F56E96bR/N","node":{"__id__":4},"_useOriginalSize":false,"_N$textKey":"Notice_1"},{"__type__":"cc.Widget","node":{"__id__":4},"_alignFlags":1,"_top":21}],"_prefab":{"__type__":"cc.PrefabInfo","root":{"__id__":1},"asset":{"__uuid__":"64tvYEHadKaaRWofhAjzUU"},"fileId":"4dn5KN3M9OKJ00ODM+6X+C"},"_color":{"__type__":"cc.Color","r":255,"g":155,"b":1},"_contentSize":{"__type__":"cc.Size","width":80,"height":40},"_position":{"__type__":"cc.Vec2","y":159}},{"__type__":"cc.Node","_name":"content_scroll","_parent":{"__id__":3},"_children":[{"__id__":6}],"_components":[{"__type__":"cc.ScrollView","node":{"__id__":5},"content":{"__id__":7},"horizontal":false,"brake":0.75,"bounceDuration":0.23,"_N$horizontalScrollBar":null,"_N$verticalScrollBar":null},{"__type__":"cc.Widget","node":{"__id__":5},"_alignFlags":45,"_left":10,"_right":10,"_top":80,"_bottom":5,"_originalWidth":240,"_originalHeight":314}],"_prefab":{"__type__":"cc.PrefabInfo","root":{"__id__":1},"asset":{"__uuid__":"64tvYEHadKaaRWofhAjzUU"},"fileId":"f8NSHl+NVBmJJHAtODcr/4"},"_color":{"__type__":"cc.Color","r":184,"g":184,"b":184},"_contentSize":{"__type__":"cc.Size","width":511,"height":315},"_position":{"__type__":"cc.Vec2","y":-37.5}},{"__type__":"cc.Node","_name":"view","_parent":{"__id__":5},"_children":[{"__id__":7}],"_components":[{"__type__":"cc.Mask","node":{"__id__":6}},{"__type__":"cc.Widget","node":{"__id__":6},"_alignFlags":45,"_originalWidth":240,"_originalHeight":250}],"_prefab":{"__type__":"cc.PrefabInfo","root":{"__id__":1},"asset":{"__uuid__":"64tvYEHadKaaRWofhAjzUU"},"fileId":"7eonQKQ6dN0r+dnfat7QJ7"},"_contentSize":{"__type__":"cc.Size","width":511,"height":315}},{"__type__":"cc.Node","_name":"content","_parent":{"__id__":6},"_children":[{"__id__":8}],"_components":[{"__type__":"cc.Layout","node":{"__id__":7},"_layoutSize":{"__type__":"cc.Size","width":511,"height":26},"_resize":1,"_N$layoutType":2},{"__type__":"cc.Widget","node":{"__id__":7},"_alignFlags":41,"_originalWidth":220}],"_prefab":{"__type__":"cc.PrefabInfo","root":{"__id__":1},"asset":{"__uuid__":"64tvYEHadKaaRWofhAjzUU"},"fileId":"49XtggJAZKhqcBlI+XLllr"},"_anchorPoint":{"__type__":"cc.Vec2","x":0.5,"y":1},"_contentSize":{"__type__":"cc.Size","width":511,"height":26},"_position":{"__type__":"cc.Vec2","y":157.5}},{"__type__":"cc.Node","_name":"item","_parent":{"__id__":7},"_components":[{"__type__":"33366L8b2xN67F56E96bR/N","node":{"__id__":8},"_useOriginalSize":false,"_actualFontSize":24,"_fontSize":24,"_lineHeight":26,"_N$overflow":3,"_N$textKey":"Notice_2"},{"__type__":"cc.Widget","node":{"__id__":8},"_alignFlags":40,"_left":20,"_right":20,"_originalWidth":131}],"_prefab":{"__type__":"cc.PrefabInfo","root":{"__id__":1},"asset":{"__uuid__":"64tvYEHadKaaRWofhAjzUU"},"fileId":"e5qPZR9vdLFY15gw1PL92k"},"_anchorPoint":{"__type__":"cc.Vec2","x":0.5,"y":1},"_contentSize":{"__type__":"cc.Size","width":471,"height":26}}]