[{"__type__":"cc.Prefab","_name":"charge_layer","data":{"__id__":1}},{"__type__":"cc.Node","_name":"charge_layer","_children":[{"__id__":2},{"__id__":3},{"__id__":7},{"__id__":9},{"__id__":16},{"__id__":19},{"__id__":22},{"__id__":24},{"__id__":30}],"_components":[{"__type__":"cc.Widget","node":{"__id__":1},"_alignFlags":45},{"__type__":"44a8eN3ahVKgLNc6SdoF/5T","node":{"__id__":1},"chargeAddres":{"__id__":12},"curMoney":{"__id__":8},"numInput":{"__id__":21},"convertAddress":{"__id__":18},"ethAddress":{"__id__":27},"recordList":{"__id__":39},"recordPre":{"__id__":32}}],"_prefab":{"__type__":"cc.PrefabInfo","root":{"__id__":1},"asset":{"__uuid__":"d1pKTuY7NNNYo7kplWg1NZ"},"fileId":"eeJLKA5bFNQqFQ1wgVx973"},"_contentSize":{"__type__":"cc.Size","width":720,"height":1280},"_position":{"__type__":"cc.Vec2","x":360,"y":640}},{"__type__":"cc.Node","_name":"charge_bg","_parent":{"__id__":1},"_components":[{"__type__":"cc.Sprite","node":{"__id__":2},"_spriteFrame":{"__uuid__":"a1MBlYxlJCfbr+NLafyUtI"}},{"__type__":"cc.Widget","node":{"__id__":2},"_alignFlags":45,"_originalWidth":720,"_originalHeight":1280}],"_prefab":{"__type__":"cc.PrefabInfo","root":{"__id__":1},"asset":{"__uuid__":"d1pKTuY7NNNYo7kplWg1NZ"},"fileId":"87YLDsdn1K6I4LOpaS+Vu+"},"_contentSize":{"__type__":"cc.Size","width":720,"height":1280}},{"__type__":"cc.Node","_name":"charge_top_bg","_parent":{"__id__":1},"_children":[{"__id__":4},{"__id__":5}],"_components":[{"__type__":"cc.Sprite","node":{"__id__":3},"_spriteFrame":{"__uuid__":"4fLE3DWWZAyr8jo5tGUy11"}},{"__type__":"cc.Widget","node":{"__id__":3},"_alignFlags":41,"_originalWidth":720}],"_prefab":{"__type__":"cc.PrefabInfo","root":{"__id__":1},"asset":{"__uuid__":"d1pKTuY7NNNYo7kplWg1NZ"},"fileId":"87ADojJERINpZLFPfVQS1G"},"_contentSize":{"__type__":"cc.Size","width":720,"height":121},"_position":{"__type__":"cc.Vec2","y":579.5}},{"__type__":"cc.Node","_name":"btn_back","_parent":{"__id__":3},"_components":[{"__type__":"cc.Sprite","node":{"__id__":4},"_spriteFrame":{"__uuid__":"3fOepK9eFOAbCcgONYssFJ"}},{"__type__":"cc.Button","node":{"__id__":4},"transition":3,"zoomScale":1.1,"clickEvents":[{"__type__":"cc.ClickEvent","target":{"__id__":1},"component":"ChargeLayer","handler":"onClickBack"}],"_N$target":{"__id__":4}},{"__type__":"cc.Widget","node":{"__id__":4},"_alignFlags":8,"_left":25.5}],"_prefab":{"__type__":"cc.PrefabInfo","root":{"__id__":1},"asset":{"__uuid__":"d1pKTuY7NNNYo7kplWg1NZ"},"fileId":"74tJZO31VOGKLvXCAVGphB"},"_contentSize":{"__type__":"cc.Size","width":55,"height":70},"_position":{"__type__":"cc.Vec2","x":-307,"y":8}},{"__type__":"cc.Node","_name":"btn_invite","_parent":{"__id__":3},"_children":[{"__id__":6}],"_components":[{"__type__":"cc.Sprite","node":{"__id__":5},"_spriteFrame":{"__uuid__":"8enDtdm85I07+skqCrU3pJ"},"_sizeMode":0},{"__type__":"cc.Button","node":{"__id__":5},"transition":3,"zoomScale":1.1,"clickEvents":[{"__type__":"cc.ClickEvent","target":{"__id__":1},"component":"ChargeLayer","handler":"onClickInvite"}],"_N$target":{"__id__":5}},{"__type__":"cc.Widget","node":{"__id__":5},"_alignFlags":32,"_right":21}],"_prefab":{"__type__":"cc.PrefabInfo","root":{"__id__":1},"asset":{"__uuid__":"d1pKTuY7NNNYo7kplWg1NZ"},"fileId":"6cz36UkzNMyJsllNS9hvYh"},"_contentSize":{"__type__":"cc.Size","width":130,"height":70},"_position":{"__type__":"cc.Vec2","x":274,"y":10}},{"__type__":"cc.Node","_name":"New Label","_parent":{"__id__":5},"_components":[{"__type__":"33366L8b2xN67F56E96bR/N","node":{"__id__":6},"_useOriginalSize":false,"_actualFontSize":30,"_fontSize":30,"_lineHeight":30,"_N$horizontalAlign":1,"_N$verticalAlign":1,"_string":"邀请","_N$textKey":"Charge_1"}],"_prefab":{"__type__":"cc.PrefabInfo","root":{"__id__":1},"asset":{"__uuid__":"d1pKTuY7NNNYo7kplWg1NZ"},"fileId":"205UE1tUhCCqb98AOUEWcI"},"_contentSize":{"__type__":"cc.Size","width":72,"height":30}},{"__type__":"cc.Node","_name":"cur_coin","_parent":{"__id__":1},"_components":[{"__id__":8}],"_prefab":{"__type__":"cc.PrefabInfo","root":{"__id__":1},"asset":{"__uuid__":"d1pKTuY7NNNYo7kplWg1NZ"},"fileId":"413fjSPiBObrrqeeZ9lvdy"},"_color":{"__type__":"cc.Color","r":31,"g":255,"b":163},"_contentSize":{"__type__":"cc.Size","width":236,"height":50},"_position":{"__type__":"cc.Vec2","y":490}},{"__type__":"33366L8b2xN67F56E96bR/N","node":{"__id__":7},"_useOriginalSize":false,"_actualFontSize":50,"_fontSize":50,"_lineHeight":50,"_N$horizontalAlign":1,"_N$verticalAlign":1,"_string":"999999.99","_N$textKey":""},{"__type__":"cc.Node","_name":"charge_bg","_parent":{"__id__":1},"_children":[{"__id__":10},{"__id__":11},{"__id__":13},{"__id__":15}],"_components":[{"__type__":"cc.Sprite","node":{"__id__":9},"_spriteFrame":{"__uuid__":"a53Nhr1AtEkafPnT2TWbSV"},"_type":1,"_sizeMode":0}],"_prefab":{"__type__":"cc.PrefabInfo","root":{"__id__":1},"asset":{"__uuid__":"d1pKTuY7NNNYo7kplWg1NZ"},"fileId":"58GxrpIUlBn4dn8dP0aqQ3"},"_contentSize":{"__type__":"cc.Size","width":600,"height":220},"_position":{"__type__":"cc.Vec2","y":331}},{"__type__":"cc.Node","_name":"charge_tip","_parent":{"__id__":9},"_components":[{"__type__":"33366L8b2xN67F56E96bR/N","node":{"__id__":10},"_useOriginalSize":false,"_actualFontSize":26,"_fontSize":26,"_lineHeight":28,"_N$horizontalAlign":1,"_N$verticalAlign":1,"_string":"充值地址：","_N$textKey":"Charge_2"},{"__type__":"cc.Widget","node":{"__id__":10},"_alignFlags":9,"_left":40,"_top":18}],"_prefab":{"__type__":"cc.PrefabInfo","root":{"__id__":1},"asset":{"__uuid__":"d1pKTuY7NNNYo7kplWg1NZ"},"fileId":"aeXrBtXL9CVqEsJSQf1THr"},"_color":{"__type__":"cc.Color","r":64,"g":202,"b":211},"_anchorPoint":{"__type__":"cc.Vec2","y":0.5},"_contentSize":{"__type__":"cc.Size","width":285,"height":28},"_position":{"__type__":"cc.Vec2","x":-260,"y":78}},{"__type__":"cc.Node","_name":"charge_url","_parent":{"__id__":9},"_components":[{"__id__":12}],"_prefab":{"__type__":"cc.PrefabInfo","root":{"__id__":1},"asset":{"__uuid__":"d1pKTuY7NNNYo7kplWg1NZ"},"fileId":"66zIFJ7VtE1ZM3msV0b57O"},"_contentSize":{"__type__":"cc.Size","width":550,"height":30},"_position":{"__type__":"cc.Vec2","y":34}},{"__type__":"33366L8b2xN67F56E96bR/N","node":{"__id__":11},"_useOriginalSize":false,"_actualFontSize":30,"_fontSize":30,"_lineHeight":30,"_N$horizontalAlign":1,"_N$verticalAlign":1,"_N$overflow":2,"_N$textKey":""},{"__type__":"cc.Node","_name":"btn_copy","_parent":{"__id__":9},"_children":[{"__id__":14}],"_components":[{"__type__":"cc.Sprite","node":{"__id__":13},"_spriteFrame":{"__uuid__":"44B/7Ey31ABKuAtA2k0gSw"},"_type":1,"_sizeMode":0},{"__type__":"cc.Button","node":{"__id__":13},"transition":3,"zoomScale":1.1,"clickEvents":[{"__type__":"cc.ClickEvent","target":{"__id__":1},"component":"ChargeLayer","handler":"onClickCopyHktt"}],"_N$target":{"__id__":13}},{"__type__":"cc.Widget","node":{"__id__":13},"_alignFlags":36,"_right":150,"_bottom":-93}],"_prefab":{"__type__":"cc.PrefabInfo","root":{"__id__":1},"asset":{"__uuid__":"d1pKTuY7NNNYo7kplWg1NZ"},"fileId":"76Uc6RTBZDoJ82xmZrkjHT"},"_contentSize":{"__type__":"cc.Size","width":300,"height":80},"_position":{"__type__":"cc.Vec2","y":-163}},{"__type__":"cc.Node","_name":"New Label","_parent":{"__id__":13},"_components":[{"__type__":"33366L8b2xN67F56E96bR/N","node":{"__id__":14},"_useOriginalSize":false,"_actualFontSize":29,"_fontSize":30,"_lineHeight":30,"_N$horizontalAlign":1,"_N$verticalAlign":1,"_N$overflow":2,"_string":"复制","_N$textKey":"Charge_3"}],"_prefab":{"__type__":"cc.PrefabInfo","root":{"__id__":1},"asset":{"__uuid__":"d1pKTuY7NNNYo7kplWg1NZ"},"fileId":"57gbpnrFhDKKE+v7ICoWmm"},"_contentSize":{"__type__":"cc.Size","width":258,"height":30}},{"__type__":"cc.Node","_name":"charge_notice","_parent":{"__id__":9},"_components":[{"__type__":"33366L8b2xN67F56E96bR/N","node":{"__id__":15},"_useOriginalSize":false,"_actualFontSize":15,"_fontSize":20,"_lineHeight":30,"_N$verticalAlign":1,"_N$overflow":2,"_string":"充值地址：","_N$textKey":"Charge_6"},{"__type__":"cc.Widget","node":{"__id__":15},"_alignFlags":9,"_left":25,"_top":112}],"_prefab":{"__type__":"cc.PrefabInfo","root":{"__id__":1},"asset":{"__uuid__":"d1pKTuY7NNNYo7kplWg1NZ"},"fileId":"84sQP+Cg1EZqoHwpGDv488"},"_color":{"__type__":"cc.Color","r":64,"g":202,"b":211},"_anchorPoint":{"__type__":"cc.Vec2","y":0.5},"_contentSize":{"__type__":"cc.Size","width":500,"height":90},"_position":{"__type__":"cc.Vec2","x":-275,"y":-47}},{"__type__":"cc.Node","_name":"url_input_bg","_parent":{"__id__":1},"_children":[{"__id__":17}],"_components":[{"__type__":"cc.Sprite","node":{"__id__":16},"_spriteFrame":{"__uuid__":"f6dlY2sRNNXZjSenwgdB+K"},"_type":1,"_sizeMode":0}],"_prefab":{"__type__":"cc.PrefabInfo","root":{"__id__":1},"asset":{"__uuid__":"d1pKTuY7NNNYo7kplWg1NZ"},"fileId":"08Z/rytIVN3qm8rQDv3dbz"},"_contentSize":{"__type__":"cc.Size","width":600,"height":110},"_position":{"__type__":"cc.Vec2","y":60}},{"__type__":"cc.Node","_name":"convert_url","_parent":{"__id__":16},"_components":[{"__id__":18}],"_prefab":{"__type__":"cc.PrefabInfo","root":{"__id__":1},"asset":{"__uuid__":"d1pKTuY7NNNYo7kplWg1NZ"},"fileId":"cez1cRKitCD588rACppYhr"},"_contentSize":{"__type__":"cc.Size","width":540,"height":60}},{"__type__":"a0a1aK70nxAYIETevnKncbu","node":{"__id__":17},"_useOriginalSize":false,"_N$backgroundImage":{"__uuid__":"dbtDeYo4BLlY0pCQuOB+jZ"},"_N$inputMode":6,"_N$fontSize":30,"_N$placeholder":"钱包（提现到哪里）","_N$placeholderFontSize":30,"_N$maxLength":50,"_N$textKey":"EditCharge_1"},{"__type__":"cc.Node","_name":"num_input_bg","_parent":{"__id__":1},"_children":[{"__id__":20}],"_components":[{"__type__":"cc.Sprite","node":{"__id__":19},"_spriteFrame":{"__uuid__":"f6dlY2sRNNXZjSenwgdB+K"},"_type":1,"_sizeMode":0}],"_prefab":{"__type__":"cc.PrefabInfo","root":{"__id__":1},"asset":{"__uuid__":"d1pKTuY7NNNYo7kplWg1NZ"},"fileId":"75J9SWpVpO+LuI17PGGJAr"},"_contentSize":{"__type__":"cc.Size","width":400,"height":110},"_position":{"__type__":"cc.Vec2","x":-100,"y":-70}},{"__type__":"cc.Node","_name":"convert_num","_parent":{"__id__":19},"_components":[{"__id__":21}],"_prefab":{"__type__":"cc.PrefabInfo","root":{"__id__":1},"asset":{"__uuid__":"d1pKTuY7NNNYo7kplWg1NZ"},"fileId":"e8pvP+2rNLdqWYtg1FXYSW"},"_contentSize":{"__type__":"cc.Size","width":340,"height":60}},{"__type__":"a0a1aK70nxAYIETevnKncbu","node":{"__id__":20},"_useOriginalSize":false,"_N$backgroundImage":{"__uuid__":"dbtDeYo4BLlY0pCQuOB+jZ"},"_N$inputMode":5,"_N$fontSize":30,"_N$placeholder":"提现金额","_N$placeholderFontSize":30,"_N$textKey":"EditCharge_2"},{"__type__":"cc.Node","_name":"btn_convert","_parent":{"__id__":1},"_children":[{"__id__":23}],"_components":[{"__type__":"cc.Sprite","node":{"__id__":22},"_spriteFrame":{"__uuid__":"44B/7Ey31ABKuAtA2k0gSw"},"_type":1,"_sizeMode":0},{"__type__":"cc.Button","node":{"__id__":22},"transition":3,"zoomScale":1.1,"clickEvents":[{"__type__":"cc.ClickEvent","target":{"__id__":1},"component":"ChargeLayer","handler":"onClickConvert"}],"_N$target":{"__id__":22}}],"_prefab":{"__type__":"cc.PrefabInfo","root":{"__id__":1},"asset":{"__uuid__":"d1pKTuY7NNNYo7kplWg1NZ"},"fileId":"d5eIk/dXVH57Zf/hLkz6zJ"},"_contentSize":{"__type__":"cc.Size","width":170,"height":80},"_position":{"__type__":"cc.Vec2","x":215,"y":-70}},{"__type__":"cc.Node","_name":"New Label","_parent":{"__id__":22},"_components":[{"__type__":"33366L8b2xN67F56E96bR/N","node":{"__id__":23},"_useOriginalSize":false,"_actualFontSize":30,"_fontSize":30,"_lineHeight":30,"_N$horizontalAlign":1,"_N$verticalAlign":1,"_string":"提现","_N$textKey":"Charge_4"}],"_prefab":{"__type__":"cc.PrefabInfo","root":{"__id__":1},"asset":{"__uuid__":"d1pKTuY7NNNYo7kplWg1NZ"},"fileId":"c74BXun0dCJqw/XQsYV26o"},"_contentSize":{"__type__":"cc.Size","width":125,"height":30}},{"__type__":"cc.Node","_name":"charge_bg","_parent":{"__id__":1},"_children":[{"__id__":25},{"__id__":26},{"__id__":28}],"_components":[{"__type__":"cc.Sprite","node":{"__id__":24},"_spriteFrame":{"__uuid__":"a53Nhr1AtEkafPnT2TWbSV"},"_type":1,"_sizeMode":0}],"_prefab":{"__type__":"cc.PrefabInfo","root":{"__id__":1},"asset":{"__uuid__":"d1pKTuY7NNNYo7kplWg1NZ"},"fileId":"95fWobvQpKXa8EvfCd2PgT"},"_contentSize":{"__type__":"cc.Size","width":600,"height":200},"_position":{"__type__":"cc.Vec2","y":-241}},{"__type__":"cc.Node","_name":"charge_tip","_parent":{"__id__":24},"_components":[{"__type__":"33366L8b2xN67F56E96bR/N","node":{"__id__":25},"_useOriginalSize":false,"_actualFontSize":26,"_fontSize":26,"_lineHeight":28,"_N$horizontalAlign":1,"_N$verticalAlign":1,"_string":"充值地址：","_N$textKey":"Charge_7"},{"__type__":"cc.Widget","node":{"__id__":25},"_alignFlags":9,"_left":40,"_top":15}],"_prefab":{"__type__":"cc.PrefabInfo","root":{"__id__":1},"asset":{"__uuid__":"d1pKTuY7NNNYo7kplWg1NZ"},"fileId":"f3nPKiIx1P6ZgQ8AT4X047"},"_color":{"__type__":"cc.Color","r":64,"g":202,"b":211},"_anchorPoint":{"__type__":"cc.Vec2","y":0.5},"_contentSize":{"__type__":"cc.Size","width":269,"height":28},"_position":{"__type__":"cc.Vec2","x":-260,"y":71}},{"__type__":"cc.Node","_name":"charge_url","_parent":{"__id__":24},"_components":[{"__id__":27}],"_prefab":{"__type__":"cc.PrefabInfo","root":{"__id__":1},"asset":{"__uuid__":"d1pKTuY7NNNYo7kplWg1NZ"},"fileId":"3evszuKohI7oAX/2LZTEfw"},"_contentSize":{"__type__":"cc.Size","width":550,"height":30},"_position":{"__type__":"cc.Vec2","y":29}},{"__type__":"33366L8b2xN67F56E96bR/N","node":{"__id__":26},"_useOriginalSize":false,"_actualFontSize":30,"_fontSize":30,"_lineHeight":30,"_N$horizontalAlign":1,"_N$verticalAlign":1,"_N$overflow":2,"_N$textKey":""},{"__type__":"cc.Node","_name":"btn_copy","_parent":{"__id__":24},"_children":[{"__id__":29}],"_components":[{"__type__":"cc.Sprite","node":{"__id__":28},"_spriteFrame":{"__uuid__":"44B/7Ey31ABKuAtA2k0gSw"},"_type":1,"_sizeMode":0},{"__type__":"cc.Button","node":{"__id__":28},"transition":3,"zoomScale":1.1,"clickEvents":[{"__type__":"cc.ClickEvent","target":{"__id__":1},"component":"ChargeLayer","handler":"onClickCopyEth"}],"_N$interactable":false,"_N$enableAutoGrayEffect":true,"_N$target":{"__id__":28}},{"__type__":"cc.Widget","node":{"__id__":28},"_alignFlags":36,"_right":150,"_bottom":13}],"_prefab":{"__type__":"cc.PrefabInfo","root":{"__id__":1},"asset":{"__uuid__":"d1pKTuY7NNNYo7kplWg1NZ"},"fileId":"3d/Hz5RCdGvbVdy06/gxqi"},"_contentSize":{"__type__":"cc.Size","width":300,"height":80},"_position":{"__type__":"cc.Vec2","y":-47}},{"__type__":"cc.Node","_name":"New Label","_parent":{"__id__":28},"_components":[{"__type__":"33366L8b2xN67F56E96bR/N","node":{"__id__":29},"_useOriginalSize":false,"_actualFontSize":30,"_fontSize":30,"_lineHeight":30,"_N$horizontalAlign":1,"_N$verticalAlign":1,"_N$overflow":2,"_string":"复制","_N$textKey":"Charge_8"}],"_prefab":{"__type__":"cc.PrefabInfo","root":{"__id__":1},"asset":{"__uuid__":"d1pKTuY7NNNYo7kplWg1NZ"},"fileId":"8d4WR8GCpLr5ADR0zUSoUo"},"_contentSize":{"__type__":"cc.Size","width":258,"height":30}},{"__type__":"cc.Node","_name":"record_bg","_parent":{"__id__":1},"_children":[{"__id__":31},{"__id__":32},{"__id__":37}],"_components":[{"__type__":"cc.Sprite","node":{"__id__":30},"_spriteFrame":{"__uuid__":"a53Nhr1AtEkafPnT2TWbSV"},"_type":1,"_sizeMode":0},{"__type__":"cc.Widget","node":{"__id__":30},"_alignFlags":4,"_bottom":15}],"_prefab":{"__type__":"cc.PrefabInfo","root":{"__id__":1},"asset":{"__uuid__":"d1pKTuY7NNNYo7kplWg1NZ"},"fileId":"76hdrkBp1GtaF3t3Ut2I6R"},"_anchorPoint":{"__type__":"cc.Vec2","x":0.5},"_contentSize":{"__type__":"cc.Size","width":600,"height":269},"_position":{"__type__":"cc.Vec2","y":-625}},{"__type__":"cc.Node","_name":"charge_tip","_parent":{"__id__":30},"_components":[{"__type__":"33366L8b2xN67F56E96bR/N","node":{"__id__":31},"_useOriginalSize":false,"_actualFontSize":30,"_fontSize":30,"_lineHeight":30,"_N$horizontalAlign":1,"_N$verticalAlign":1,"_string":"提现记录：","_N$textKey":"Charge_5"},{"__type__":"cc.Widget","node":{"__id__":31},"_alignFlags":9,"_left":25,"_top":30}],"_prefab":{"__type__":"cc.PrefabInfo","root":{"__id__":1},"asset":{"__uuid__":"d1pKTuY7NNNYo7kplWg1NZ"},"fileId":"552ncpQ2hJSYyHHwypt5YZ"},"_color":{"__type__":"cc.Color","r":64,"g":202,"b":211},"_contentSize":{"__type__":"cc.Size","width":265,"height":30},"_position":{"__type__":"cc.Vec2","x":-142.5,"y":224}},{"__type__":"cc.Node","_name":"record_item","_parent":{"__id__":30},"_children":[{"__id__":33},{"__id__":34},{"__id__":35},{"__id__":36}],"_active":false,"_components":[{"__type__":"cc.Layout","node":{"__id__":32},"_layoutSize":{"__type__":"cc.Size","width":520,"height":30},"_resize":1,"_N$layoutType":1}],"_prefab":{"__type__":"cc.PrefabInfo","root":{"__id__":1},"asset":{"__uuid__":"d1pKTuY7NNNYo7kplWg1NZ"},"fileId":"cfPixROG9H8p19GnHs6+08"},"_color":{"__type__":"cc.Color","r":64,"g":202,"b":211},"_contentSize":{"__type__":"cc.Size","width":520,"height":30},"_position":{"__type__":"cc.Vec2","y":-15}},{"__type__":"cc.Node","_name":"address","_parent":{"__id__":32},"_components":[{"__type__":"33366L8b2xN67F56E96bR/N","node":{"__id__":33},"_useOriginalSize":false,"_actualFontSize":24,"_fontSize":24,"_lineHeight":30,"_N$horizontalAlign":1,"_N$overflow":2,"_string":"xxx666666","_N$textKey":""}],"_prefab":{"__type__":"cc.PrefabInfo","root":{"__id__":1},"asset":{"__uuid__":"d1pKTuY7NNNYo7kplWg1NZ"},"fileId":"3evT5sug5BTp5t/JShNv6H"},"_contentSize":{"__type__":"cc.Size","width":150,"height":30},"_position":{"__type__":"cc.Vec2","x":-185}},{"__type__":"cc.Node","_name":"num","_parent":{"__id__":32},"_components":[{"__type__":"33366L8b2xN67F56E96bR/N","node":{"__id__":34},"_useOriginalSize":false,"_actualFontSize":24,"_fontSize":24,"_lineHeight":30,"_enableWrapText":false,"_N$horizontalAlign":1,"_N$verticalAlign":1,"_N$overflow":2,"_string":"0.00","_N$textKey":""}],"_prefab":{"__type__":"cc.PrefabInfo","root":{"__id__":1},"asset":{"__uuid__":"d1pKTuY7NNNYo7kplWg1NZ"},"fileId":"5eM/bSiG1Li4eMe2peg26m"},"_contentSize":{"__type__":"cc.Size","width":100,"height":30},"_position":{"__type__":"cc.Vec2","x":-60}},{"__type__":"cc.Node","_name":"time","_parent":{"__id__":32},"_components":[{"__type__":"33366L8b2xN67F56E96bR/N","node":{"__id__":35},"_useOriginalSize":false,"_actualFontSize":24,"_fontSize":24,"_lineHeight":30,"_N$horizontalAlign":1,"_string":"2018/01/01","_N$textKey":""}],"_prefab":{"__type__":"cc.PrefabInfo","root":{"__id__":1},"asset":{"__uuid__":"d1pKTuY7NNNYo7kplWg1NZ"},"fileId":"57M9yDhYhHRqo2uUBlVCdD"},"_contentSize":{"__type__":"cc.Size","width":120,"height":30},"_position":{"__type__":"cc.Vec2","x":50}},{"__type__":"cc.Node","_name":"status","_parent":{"__id__":32},"_components":[{"__type__":"33366L8b2xN67F56E96bR/N","node":{"__id__":36},"_useOriginalSize":false,"_actualFontSize":24,"_fontSize":24,"_lineHeight":30,"_N$horizontalAlign":1,"_N$overflow":2,"_N$textKey":""}],"_prefab":{"__type__":"cc.PrefabInfo","root":{"__id__":1},"asset":{"__uuid__":"d1pKTuY7NNNYo7kplWg1NZ"},"fileId":"afjyHpm9tPBbq+QkWB+Bx/"},"_contentSize":{"__type__":"cc.Size","width":150,"height":30},"_position":{"__type__":"cc.Vec2","x":185}},{"__type__":"cc.Node","_name":"record_list","_parent":{"__id__":30},"_children":[{"__id__":38}],"_components":[{"__type__":"cc.ScrollView","node":{"__id__":37},"content":{"__id__":39},"horizontal":false,"brake":0.75,"bounceDuration":0.23,"_N$horizontalScrollBar":null,"_N$verticalScrollBar":null},{"__type__":"cc.Widget","node":{"__id__":37},"_alignFlags":45,"_top":80,"_originalWidth":240,"_originalHeight":250}],"_prefab":{"__type__":"cc.PrefabInfo","root":{"__id__":1},"asset":{"__uuid__":"d1pKTuY7NNNYo7kplWg1NZ"},"fileId":"3bo/d4A9tOv6AK0+LGMus1"},"_color":{"__type__":"cc.Color","r":184,"g":184,"b":184},"_contentSize":{"__type__":"cc.Size","width":600,"height":189},"_position":{"__type__":"cc.Vec2","y":94.5}},{"__type__":"cc.Node","_name":"view","_parent":{"__id__":37},"_children":[{"__id__":39}],"_components":[{"__type__":"cc.Mask","node":{"__id__":38}},{"__type__":"cc.Widget","node":{"__id__":38},"_alignFlags":45,"_originalWidth":240,"_originalHeight":250}],"_prefab":{"__type__":"cc.PrefabInfo","root":{"__id__":1},"asset":{"__uuid__":"d1pKTuY7NNNYo7kplWg1NZ"},"fileId":"a9YBttjZpJqJdYMmKHIHFe"},"_contentSize":{"__type__":"cc.Size","width":600,"height":189}},{"__type__":"cc.Node","_name":"content","_parent":{"__id__":38},"_components":[{"__type__":"cc.Widget","node":{"__id__":39},"_alignFlags":41,"_originalWidth":220},{"__type__":"cc.Layout","node":{"__id__":39},"_layoutSize":{"__type__":"cc.Size","width":600,"height":30},"_resize":1,"_N$layoutType":2}],"_prefab":{"__type__":"cc.PrefabInfo","root":{"__id__":1},"asset":{"__uuid__":"d1pKTuY7NNNYo7kplWg1NZ"},"fileId":"ee8VMdbvhPzpV25hiYSM9x"},"_anchorPoint":{"__type__":"cc.Vec2","x":0.5,"y":1},"_contentSize":{"__type__":"cc.Size","width":600,"height":30},"_position":{"__type__":"cc.Vec2","y":94.5}}]