{"__type__":"cc.JsonAsset","_name":"test_1","json":{"LoginUser":{"uid":"100000"},"CreatorId":20000,"GameStatus":0,"MyData":{"is_bet":false,"dice_result":[],"win_coin":0},"CreatorData":{"dice_result":[],"win_coin":0},"SitData":[{"uid":30001,"is_bet":false,"dice_result":[],"win_coin":0},{"uid":30002,"is_bet":false,"dice_result":[],"win_coin":0}],"BetLogic":[{"time":0,"proto":"RSP_BET","data":{}},{"time":0,"proto":"NTF_START_BET","data":{"wait_time":10}},{"time":3,"proto":"NTF_BET","data":{"user":{"uid":30002,"is_bet":true,"dice_result":[],"win_coin":0}}},{"time":10,"proto":"NTF_BET_FINISH","data":{"my_data":{"uid":30002,"is_bet":true,"dice_result":[1,2,3],"win_coin":-100},"creator_data":{"uid":20000,"is_bet":true,"dice_result":[6,3,4],"win_coin":300},"sitdown_users":[{"uid":30001,"is_bet":false,"dice_result":[],"win_coin":0},{"uid":30002,"is_bet":true,"dice_result":[2,1,5],"win_coin":-100}]}},{"time":17,"proto":"NTF_CAN_BET","data":{}}]}}