[{"__type__":"cc.Prefab","_name":"square_item","data":{"__id__":1}},{"__type__":"cc.Node","_name":"item_node","_children":[{"__id__":2},{"__id__":4},{"__id__":6},{"__id__":9}],"_components":[{"__id__":12},{"__type__":"cc.Button","node":{"__id__":1},"transition":3,"zoomScale":0.9,"clickEvents":[{"__type__":"cc.ClickEvent","target":{"__id__":1},"component":"RoomItem","handler":"onClickItem"}],"_N$normalSprite":{"__uuid__":"09SMlZMVNH9qiYjed1n0Ho"},"_N$pressedSprite":{"__uuid__":"60tmR81XNAZ4enKWEXHvGC"},"pressedSprite":{"__uuid__":"60tmR81XNAZ4enKWEXHvGC"},"_N$target":{"__id__":1}},{"__type__":"cc.Widget","node":{"__id__":1},"_enabled":false,"_alignFlags":40,"_left":30,"_right":360,"_originalWidth":660},{"__type__":"43bb1yNZzZI/Ye9xhI2EGQR","node":{"__id__":1},"bg":{"__id__":12},"gameSpr":{"__id__":3},"gameName":{"__id__":5},"gameOwner":{"__id__":8},"gameVersion":{"__id__":11},"frame0":{"__uuid__":"09SMlZMVNH9qiYjed1n0Ho"},"frame1":{"__uuid__":"60tmR81XNAZ4enKWEXHvGC"}}],"_prefab":{"__type__":"cc.PrefabInfo","root":{"__id__":1},"asset":{"__uuid__":"44AERxmoJGdam2xpEbiJkA"},"fileId":"818t4gggNAsLXEl3vk28Qn"},"_contentSize":{"__type__":"cc.Size","width":330,"height":164},"_position":{"__type__":"cc.Vec2","x":195,"y":-107}},{"__type__":"cc.Node","_name":"head_icon","_parent":{"__id__":1},"_components":[{"__id__":3},{"__type__":"cc.Widget","node":{"__id__":2},"_alignFlags":8,"_left":6.5}],"_prefab":{"__type__":"cc.PrefabInfo","root":{"__id__":1},"asset":{"__uuid__":"44AERxmoJGdam2xpEbiJkA"},"fileId":"c39QhEqEBOzJDHN6jMJbuY"},"_contentSize":{"__type__":"cc.Size","width":125,"height":123},"_position":{"__type__":"cc.Vec2","x":-96,"y":3}},{"__type__":"cc.Sprite","node":{"__id__":2},"_spriteFrame":{"__uuid__":"0bP79embZA9o41gZiG1S47"},"_sizeMode":0,"_isTrimmedMode":false},{"__type__":"cc.Node","_name":"game_name","_parent":{"__id__":1},"_components":[{"__id__":5},{"__type__":"cc.Widget","node":{"__id__":4},"_alignFlags":40,"_left":128,"_right":10,"_originalWidth":187}],"_prefab":{"__type__":"cc.PrefabInfo","root":{"__id__":1},"asset":{"__uuid__":"44AERxmoJGdam2xpEbiJkA"},"fileId":"9aXVWTe3xCXq/o1Hu2Flta"},"_color":{"__type__":"cc.Color","r":252,"g":224,"b":67},"_contentSize":{"__type__":"cc.Size","width":192,"height":28},"_position":{"__type__":"cc.Vec2","x":59,"y":36}},{"__type__":"33366L8b2xN67F56E96bR/N","node":{"__id__":4},"_useOriginalSize":false,"_actualFontSize":28,"_fontSize":28,"_lineHeight":28,"_N$string":"房主:","_N$horizontalAlign":1,"_N$verticalAlign":1,"_N$overflow":2,"_string":"XXXXXXXXXX","_N$textKey":""},{"__type__":"cc.Node","_name":"owner","_parent":{"__id__":1},"_children":[{"__id__":7}],"_components":[{"__type__":"33366L8b2xN67F56E96bR/N","node":{"__id__":6},"_useOriginalSize":false,"_actualFontSize":20,"_fontSize":20,"_lineHeight":24,"_N$string":"房主:","_N$horizontalAlign":1,"_N$verticalAlign":1,"_N$textKey":"Dev"},{"__type__":"cc.Widget","node":{"__id__":6},"_alignFlags":8,"_left":140}],"_prefab":{"__type__":"cc.PrefabInfo","root":{"__id__":1},"asset":{"__uuid__":"44AERxmoJGdam2xpEbiJkA"},"fileId":"eaaEa8yGVAYrgHHWx3KX79"},"_color":{"__type__":"cc.Color","r":252,"g":224,"b":67},"_anchorPoint":{"__type__":"cc.Vec2","y":0.5},"_contentSize":{"__type__":"cc.Size","width":41,"height":24},"_position":{"__type__":"cc.Vec2","x":-25,"y":-4}},{"__type__":"cc.Node","_name":"owner_name","_parent":{"__id__":6},"_components":[{"__id__":8},{"__type__":"cc.Widget","node":{"__id__":7},"_alignFlags":8,"_left":72}],"_prefab":{"__type__":"cc.PrefabInfo","root":{"__id__":1},"asset":{"__uuid__":"44AERxmoJGdam2xpEbiJkA"},"fileId":"40qrUMMotJFZ2oaDDHqRr8"},"_color":{"__type__":"cc.Color","r":252,"g":255,"b":255},"_anchorPoint":{"__type__":"cc.Vec2","x":1,"y":0.5},"_contentSize":{"__type__":"cc.Size","width":93,"height":20},"_position":{"__type__":"cc.Vec2","x":165}},{"__type__":"33366L8b2xN67F56E96bR/N","node":{"__id__":7},"_useOriginalSize":false,"_actualFontSize":20,"_fontSize":20,"_lineHeight":20,"_N$string":"房主昵称","_N$horizontalAlign":1,"_N$verticalAlign":1,"_string":"XXXXXXX","_N$textKey":""},{"__type__":"cc.Node","_name":"ver","_parent":{"__id__":1},"_children":[{"__id__":10}],"_components":[{"__type__":"33366L8b2xN67F56E96bR/N","node":{"__id__":9},"_useOriginalSize":false,"_actualFontSize":20,"_fontSize":20,"_lineHeight":24,"_N$string":"房主:","_N$horizontalAlign":1,"_N$verticalAlign":1,"_N$textKey":"Ver"},{"__type__":"cc.Widget","node":{"__id__":9},"_alignFlags":8,"_left":140}],"_prefab":{"__type__":"cc.PrefabInfo","root":{"__id__":1},"asset":{"__uuid__":"44AERxmoJGdam2xpEbiJkA"},"fileId":"dder+FNrFHZ5wkkZv1FUQs"},"_color":{"__type__":"cc.Color","r":252,"g":224,"b":67},"_anchorPoint":{"__type__":"cc.Vec2","y":0.5},"_contentSize":{"__type__":"cc.Size","width":36,"height":24},"_position":{"__type__":"cc.Vec2","x":-25,"y":-36}},{"__type__":"cc.Node","_name":"ver_name","_parent":{"__id__":9},"_components":[{"__id__":11},{"__type__":"cc.Widget","node":{"__id__":10},"_alignFlags":8,"_left":73}],"_prefab":{"__type__":"cc.PrefabInfo","root":{"__id__":1},"asset":{"__uuid__":"44AERxmoJGdam2xpEbiJkA"},"fileId":"116KKtJIJA2Ivv3jHtXcPp"},"_color":{"__type__":"cc.Color","r":252,"g":255,"b":255},"_anchorPoint":{"__type__":"cc.Vec2","x":1,"y":0.5},"_contentSize":{"__type__":"cc.Size","width":93,"height":20},"_position":{"__type__":"cc.Vec2","x":166}},{"__type__":"33366L8b2xN67F56E96bR/N","node":{"__id__":10},"_useOriginalSize":false,"_actualFontSize":20,"_fontSize":20,"_lineHeight":20,"_N$string":"房主昵称","_N$horizontalAlign":1,"_N$verticalAlign":1,"_string":"XXXXXXX","_N$textKey":""},{"__type__":"cc.Sprite","node":{"__id__":1},"_spriteFrame":{"__uuid__":"09SMlZMVNH9qiYjed1n0Ho"},"_type":1,"_sizeMode":0}]