[{"__type__":"cc.Prefab","_name":"register_info","data":{"__id__":1}},{"__type__":"cc.Node","_name":"register_info","_children":[{"__id__":2},{"__id__":3},{"__id__":6},{"__id__":12},{"__id__":18}],"_components":[{"__type__":"cc.Widget","node":{"__id__":1},"_alignFlags":45},{"__type__":"7eafa1hy15IAZ1alvYTwoNA","node":{"__id__":1},"nameLabel":{"__id__":9},"codeLabel":{"__id__":15}}],"_prefab":{"__type__":"cc.PrefabInfo","root":{"__id__":1},"asset":{"__uuid__":"earvy6riFLUbxQOuapPbu+"},"fileId":"3cYyyZeRNE/LTJX7zN38/S"},"_contentSize":{"__type__":"cc.Size","width":720,"height":1280},"_position":{"__type__":"cc.Vec2","x":360,"y":640}},{"__type__":"cc.Node","_name":"register_bg","_parent":{"__id__":1},"_components":[{"__type__":"cc.Sprite","node":{"__id__":2},"_spriteFrame":{"__uuid__":"a1MBlYxlJCfbr+NLafyUtI"}},{"__type__":"cc.Widget","node":{"__id__":2},"_alignFlags":45,"_originalWidth":720,"_originalHeight":1280}],"_prefab":{"__type__":"cc.PrefabInfo","root":{"__id__":1},"asset":{"__uuid__":"earvy6riFLUbxQOuapPbu+"},"fileId":"77wP9uEBxP9pjCwkQcA00V"},"_contentSize":{"__type__":"cc.Size","width":720,"height":1280}},{"__type__":"cc.Node","_name":"register_top_bg","_parent":{"__id__":1},"_children":[{"__id__":4},{"__id__":5}],"_components":[{"__type__":"cc.Sprite","node":{"__id__":3},"_spriteFrame":{"__uuid__":"4fLE3DWWZAyr8jo5tGUy11"}},{"__type__":"cc.Widget","node":{"__id__":3},"_alignFlags":41,"_originalWidth":720}],"_prefab":{"__type__":"cc.PrefabInfo","root":{"__id__":1},"asset":{"__uuid__":"earvy6riFLUbxQOuapPbu+"},"fileId":"e80OGHRNtFLbxrfif5FGba"},"_contentSize":{"__type__":"cc.Size","width":720,"height":121},"_position":{"__type__":"cc.Vec2","y":579.5}},{"__type__":"cc.Node","_name":"btn_back","_parent":{"__id__":3},"_components":[{"__type__":"cc.Sprite","node":{"__id__":4},"_spriteFrame":{"__uuid__":"3fOepK9eFOAbCcgONYssFJ"}},{"__type__":"cc.Button","node":{"__id__":4},"transition":3,"zoomScale":1.1,"clickEvents":[{"__type__":"cc.ClickEvent","target":{"__id__":1},"component":"RegisterInfo","handler":"onClickBack"}],"_N$target":{"__id__":4}},{"__type__":"cc.Widget","node":{"__id__":4},"_alignFlags":8,"_left":25.5}],"_prefab":{"__type__":"cc.PrefabInfo","root":{"__id__":1},"asset":{"__uuid__":"earvy6riFLUbxQOuapPbu+"},"fileId":"8dHBcWgdxCSrKrZkc7MeDY"},"_contentSize":{"__type__":"cc.Size","width":55,"height":70},"_position":{"__type__":"cc.Vec2","x":-307,"y":8}},{"__type__":"cc.Node","_name":"title_text","_parent":{"__id__":3},"_components":[{"__type__":"33366L8b2xN67F56E96bR/N","node":{"__id__":5},"_useOriginalSize":false,"_actualFontSize":43,"_fontSize":43,"_N$horizontalAlign":1,"_N$verticalAlign":1,"_string":"账号信息","_N$textKey":"RegisterInfo_1"}],"_prefab":{"__type__":"cc.PrefabInfo","root":{"__id__":1},"asset":{"__uuid__":"earvy6riFLUbxQOuapPbu+"},"fileId":"91Fpi8H0FCRZIV2Dpz7pl8"},"_contentSize":{"__type__":"cc.Size","width":382,"height":40},"_position":{"__type__":"cc.Vec2","y":11}},{"__type__":"cc.Node","_name":"name_bg","_parent":{"__id__":1},"_children":[{"__id__":7},{"__id__":8},{"__id__":10}],"_components":[{"__type__":"cc.Sprite","node":{"__id__":6},"_spriteFrame":{"__uuid__":"a53Nhr1AtEkafPnT2TWbSV"},"_type":1,"_sizeMode":0}],"_prefab":{"__type__":"cc.PrefabInfo","root":{"__id__":1},"asset":{"__uuid__":"earvy6riFLUbxQOuapPbu+"},"fileId":"1cDIzwVXxHDKLBgYScJLbB"},"_contentSize":{"__type__":"cc.Size","width":600,"height":250},"_position":{"__type__":"cc.Vec2","y":350}},{"__type__":"cc.Node","_name":"name_tip","_parent":{"__id__":6},"_components":[{"__type__":"33366L8b2xN67F56E96bR/N","node":{"__id__":7},"_useOriginalSize":false,"_actualFontSize":30,"_fontSize":30,"_lineHeight":30,"_N$horizontalAlign":1,"_N$verticalAlign":1,"_string":"用户名：","_N$textKey":"RegisterInfo_2"},{"__type__":"cc.Widget","node":{"__id__":7},"_alignFlags":9,"_left":40,"_top":30}],"_prefab":{"__type__":"cc.PrefabInfo","root":{"__id__":1},"asset":{"__uuid__":"earvy6riFLUbxQOuapPbu+"},"fileId":"f1QdEXfupNFYsjUWx2WRgD"},"_color":{"__type__":"cc.Color","r":64,"g":202,"b":211},"_anchorPoint":{"__type__":"cc.Vec2","y":0.5},"_contentSize":{"__type__":"cc.Size","width":117,"height":30},"_position":{"__type__":"cc.Vec2","x":-260,"y":80}},{"__type__":"cc.Node","_name":"user_name","_parent":{"__id__":6},"_components":[{"__id__":9}],"_prefab":{"__type__":"cc.PrefabInfo","root":{"__id__":1},"asset":{"__uuid__":"earvy6riFLUbxQOuapPbu+"},"fileId":"5dzu1L1RJFOJuFqQ7sF12s"},"_anchorPoint":{"__type__":"cc.Vec2","y":0.5},"_contentSize":{"__type__":"cc.Size","width":510,"height":30},"_position":{"__type__":"cc.Vec2","x":-260,"y":27}},{"__type__":"33366L8b2xN67F56E96bR/N","node":{"__id__":8},"_useOriginalSize":false,"_actualFontSize":30,"_fontSize":30,"_lineHeight":30,"_N$verticalAlign":1,"_N$overflow":3,"_N$textKey":""},{"__type__":"cc.Node","_name":"btn_copy","_parent":{"__id__":6},"_children":[{"__id__":11}],"_components":[{"__type__":"cc.Sprite","node":{"__id__":10},"_spriteFrame":{"__uuid__":"44B/7Ey31ABKuAtA2k0gSw"},"_type":1,"_sizeMode":0},{"__type__":"cc.Button","node":{"__id__":10},"transition":3,"zoomScale":1.1,"clickEvents":[{"__type__":"cc.ClickEvent","target":{"__id__":1},"component":"RegisterInfo","handler":"onClickNameCopy"}],"_N$target":{"__id__":10}},{"__type__":"cc.Widget","node":{"__id__":10},"_alignFlags":36,"_right":35,"_bottom":20}],"_prefab":{"__type__":"cc.PrefabInfo","root":{"__id__":1},"asset":{"__uuid__":"earvy6riFLUbxQOuapPbu+"},"fileId":"0avnoIqr5O2pMq4Ode3vrd"},"_contentSize":{"__type__":"cc.Size","width":120,"height":60},"_position":{"__type__":"cc.Vec2","x":205,"y":-75}},{"__type__":"cc.Node","_name":"New Label","_parent":{"__id__":10},"_components":[{"__type__":"33366L8b2xN67F56E96bR/N","node":{"__id__":11},"_useOriginalSize":false,"_actualFontSize":30,"_fontSize":30,"_lineHeight":30,"_N$horizontalAlign":1,"_N$verticalAlign":1,"_string":"复制","_N$textKey":"RegisterInfo_3"}],"_prefab":{"__type__":"cc.PrefabInfo","root":{"__id__":1},"asset":{"__uuid__":"earvy6riFLUbxQOuapPbu+"},"fileId":"84tW6cEQlAA7bXEjCATmvc"},"_contentSize":{"__type__":"cc.Size","width":70,"height":30}},{"__type__":"cc.Node","_name":"helpcode_bg","_parent":{"__id__":1},"_children":[{"__id__":13},{"__id__":14},{"__id__":16}],"_components":[{"__type__":"cc.Sprite","node":{"__id__":12},"_spriteFrame":{"__uuid__":"a53Nhr1AtEkafPnT2TWbSV"},"_type":1,"_sizeMode":0}],"_prefab":{"__type__":"cc.PrefabInfo","root":{"__id__":1},"asset":{"__uuid__":"earvy6riFLUbxQOuapPbu+"},"fileId":"0fHhw5hFRA76t7Z3EspDkT"},"_contentSize":{"__type__":"cc.Size","width":600,"height":450},"_position":{"__type__":"cc.Vec2","y":-50}},{"__type__":"cc.Node","_name":"code_tip","_parent":{"__id__":12},"_components":[{"__type__":"33366L8b2xN67F56E96bR/N","node":{"__id__":13},"_useOriginalSize":false,"_actualFontSize":30,"_fontSize":30,"_lineHeight":30,"_N$horizontalAlign":1,"_N$verticalAlign":1,"_string":"根码：","_N$textKey":"RegisterInfo_4"},{"__type__":"cc.Widget","node":{"__id__":13},"_alignFlags":9,"_left":40,"_top":30}],"_prefab":{"__type__":"cc.PrefabInfo","root":{"__id__":1},"asset":{"__uuid__":"earvy6riFLUbxQOuapPbu+"},"fileId":"34GZnZjwxOXYIVeH0Y35cg"},"_color":{"__type__":"cc.Color","r":64,"g":202,"b":211},"_anchorPoint":{"__type__":"cc.Vec2","y":0.5},"_contentSize":{"__type__":"cc.Size","width":145,"height":30},"_position":{"__type__":"cc.Vec2","x":-260,"y":180}},{"__type__":"cc.Node","_name":"help_code","_parent":{"__id__":12},"_components":[{"__id__":15}],"_prefab":{"__type__":"cc.PrefabInfo","root":{"__id__":1},"asset":{"__uuid__":"earvy6riFLUbxQOuapPbu+"},"fileId":"8flmgmVqdBY6hTBlrhTMDe"},"_anchorPoint":{"__type__":"cc.Vec2","y":0.5},"_contentSize":{"__type__":"cc.Size","width":510,"height":30},"_position":{"__type__":"cc.Vec2","x":-260,"y":27}},{"__type__":"33366L8b2xN67F56E96bR/N","node":{"__id__":14},"_useOriginalSize":false,"_actualFontSize":30,"_fontSize":30,"_lineHeight":30,"_N$file":{"__uuid__":"f1t1ndZlFARZVPAjwvBhF8"},"_isSystemFontUsed":false,"_N$verticalAlign":1,"_N$overflow":3,"_N$textKey":""},{"__type__":"cc.Node","_name":"btn_copy","_parent":{"__id__":12},"_children":[{"__id__":17}],"_components":[{"__type__":"cc.Sprite","node":{"__id__":16},"_spriteFrame":{"__uuid__":"44B/7Ey31ABKuAtA2k0gSw"},"_type":1,"_sizeMode":0},{"__type__":"cc.Button","node":{"__id__":16},"transition":3,"zoomScale":1.1,"clickEvents":[{"__type__":"cc.ClickEvent","target":{"__id__":1},"component":"RegisterInfo","handler":"onClicCodeCopy"}],"_N$target":{"__id__":16}},{"__type__":"cc.Widget","node":{"__id__":16},"_alignFlags":36,"_right":35,"_bottom":20}],"_prefab":{"__type__":"cc.PrefabInfo","root":{"__id__":1},"asset":{"__uuid__":"earvy6riFLUbxQOuapPbu+"},"fileId":"30EwpU2+9KU763TvkzAsJd"},"_contentSize":{"__type__":"cc.Size","width":120,"height":60},"_position":{"__type__":"cc.Vec2","x":205,"y":-175}},{"__type__":"cc.Node","_name":"New Label","_parent":{"__id__":16},"_components":[{"__type__":"33366L8b2xN67F56E96bR/N","node":{"__id__":17},"_useOriginalSize":false,"_actualFontSize":30,"_fontSize":30,"_lineHeight":30,"_N$horizontalAlign":1,"_N$verticalAlign":1,"_string":"复制","_N$textKey":"RegisterInfo_5"}],"_prefab":{"__type__":"cc.PrefabInfo","root":{"__id__":1},"asset":{"__uuid__":"earvy6riFLUbxQOuapPbu+"},"fileId":"feqv+AOFdAooBPYFHdIy9I"},"_contentSize":{"__type__":"cc.Size","width":70,"height":30}},{"__type__":"cc.Node","_name":"bottom_tipbg","_parent":{"__id__":1},"_children":[{"__id__":19},{"__id__":20}],"_components":[{"__type__":"cc.Sprite","node":{"__id__":18},"_spriteFrame":{"__uuid__":"a53Nhr1AtEkafPnT2TWbSV"},"_type":1,"_sizeMode":0},{"__type__":"cc.Widget","node":{"__id__":18},"_alignFlags":4,"_bottom":23}],"_prefab":{"__type__":"cc.PrefabInfo","root":{"__id__":1},"asset":{"__uuid__":"earvy6riFLUbxQOuapPbu+"},"fileId":"a0t3SN9SNMNrA91eTvMsPE"},"_contentSize":{"__type__":"cc.Size","width":600,"height":164},"_position":{"__type__":"cc.Vec2","y":-535}},{"__type__":"cc.Node","_name":"desc_text","_parent":{"__id__":18},"_components":[{"__type__":"33366L8b2xN67F56E96bR/N","node":{"__id__":19},"_useOriginalSize":false,"_actualFontSize":24,"_fontSize":24,"_lineHeight":35,"_N$verticalAlign":1,"_N$overflow":3,"_string":"请妥善保管好根码，重置密码、找回账号全靠它了!","_N$textKey":"RegisterInfo_6"}],"_prefab":{"__type__":"cc.PrefabInfo","root":{"__id__":1},"asset":{"__uuid__":"earvy6riFLUbxQOuapPbu+"},"fileId":"d2PJWj0H5Goa9c5evv8DRl"},"_color":{"__type__":"cc.Color","r":64,"g":202,"b":211},"_anchorPoint":{"__type__":"cc.Vec2","x":0.5,"y":1},"_contentSize":{"__type__":"cc.Size","width":560,"height":105},"_position":{"__type__":"cc.Vec2","y":60}},{"__type__":"cc.Node","_name":"author_text","_parent":{"__id__":18},"_components":[{"__type__":"33366L8b2xN67F56E96bR/N","node":{"__id__":20},"_useOriginalSize":false,"_actualFontSize":24,"_fontSize":24,"_N$horizontalAlign":1,"_N$verticalAlign":1,"_string":"——威廉希尔","_N$textKey":"RegisterInfo_7"}],"_prefab":{"__type__":"cc.PrefabInfo","root":{"__id__":1},"asset":{"__uuid__":"earvy6riFLUbxQOuapPbu+"},"fileId":"88eOrQCOtITZ0XHqC63uCR"},"_color":{"__type__":"cc.Color","r":64,"g":202,"b":211},"_anchorPoint":{"__type__":"cc.Vec2","x":1,"y":0.5},"_contentSize":{"__type__":"cc.Size","width":140,"height":40},"_position":{"__type__":"cc.Vec2","x":270,"y":-30}}]