{"__type__":"cc.SpriteAtlas","_name":"game.plist","_spriteFrames":{"dice_effect":{"__uuid__":"93NV7Wg/5JR4wN6WopZRBe"},"dice_static":{"__uuid__":"e0MDYcmpFIXKJroqcG2ROn"},"game_btn_back":{"__uuid__":"77kZUzfEBKrqhGu+Y/yPUr"},"game_least_bg":{"__uuid__":"889pdJksNP/qXSR1jejdxi"},"game_name_bg":{"__uuid__":"cfablWrghNCo/Hut98suup"},"game_player_dicebg":{"__uuid__":"21SwomZAtN6aeJbyDYRryj"},"game_price_bg":{"__uuid__":"e4+lzoYU1Ipq1CW2wl8i1q"},"game_result_dicebg":{"__uuid__":"c5rj3h/JdDbocPS49lT7OB"},"game_table_bg":{"__uuid__":"dbfckXjrBAHp5otE47o2OK"},"game_top_dicebg":{"__uuid__":"c0Tbf5qfVBS6tSNbzvBgVr"},"game_top_playerbg":{"__uuid__":"e3Ml1Vg0BJD42VYHeVT8nL"},"game_topbg":{"__uuid__":"47uFy6BI1KTI+TuDXa4eAw"},"game_win_effect":{"__uuid__":"5e2R6IkmxPnorT5VC0Si53"}}}