{"__type__":"cc.SpriteAtlas","_name":"common.plist","_spriteFrames":{"common_bg_line":{"__uuid__":"3cjOzIA7NIeLelU6g+MLxb"},"common_btn_back":{"__uuid__":"3fOepK9eFOAbCcgONYssFJ"},"common_btn_blue":{"__uuid__":"8enDtdm85I07+skqCrU3pJ"},"common_btn_green":{"__uuid__":"44B/7Ey31ABKuAtA2k0gSw"},"common_dialog_bg":{"__uuid__":"a26c4jsllCt7C02ycLzv1d"},"common_dice_1":{"__uuid__":"73r6/rDkVGBIL11xj+QbOl"},"common_dice_2":{"__uuid__":"7dU5fjDvtOO4UyiTBCz6ay"},"common_dice_3":{"__uuid__":"1bkpxepqRN4pyBxw2qOpLP"},"common_dice_4":{"__uuid__":"58xY5I+B9AEZU3nd6/s8kL"},"common_dice_5":{"__uuid__":"c7MeUSYGxHCodO9ldALEpN"},"common_dice_6":{"__uuid__":"0byTfWNFpBzoJDl5xE5YRR"},"common_head_bg":{"__uuid__":"77oaj/d19IbplUazq4RXGh"},"common_head_border_0":{"__uuid__":"b6MySBRgxOFZVsdiZfzzHD"},"common_head_border_1":{"__uuid__":"ceczTc6zFBFbEzJqnVRuBO"},"common_head_icon":{"__uuid__":"3cDW7SDItGHawFHAAb6MYY"},"common_input_bg":{"__uuid__":"f6dlY2sRNNXZjSenwgdB+K"},"common_input_box":{"__uuid__":"dbtDeYo4BLlY0pCQuOB+jZ"},"common_people_icon":{"__uuid__":"162VjxERhF75U4W4WDiO7E"},"common_tip_bg":{"__uuid__":"a53Nhr1AtEkafPnT2TWbSV"},"common_top_bg":{"__uuid__":"4fLE3DWWZAyr8jo5tGUy11"},"single_spr":{"__uuid__":"0bP79embZA9o41gZiG1S47"}}}