[{"__type__":"cc.Prefab","_name":"invite_info","data":{"__id__":1}},{"__type__":"cc.Node","_name":"invite_info","_children":[{"__id__":2},{"__id__":3},{"__id__":6},{"__id__":20},{"__id__":26}],"_components":[{"__type__":"cc.Widget","node":{"__id__":1},"_alignFlags":45},{"__type__":"45c98IrZapJV4jI52LsM25z","node":{"__id__":1},"inviteCode":{"__id__":23},"recordAddress":{"__id__":9},"recordList":{"__id__":19},"recordItem":{"__id__":14},"recordDesc":{"__id__":13},"vipList":{"__id__":33},"vipItem":{"__id__":28},"btnNext":{"__id__":35},"btnPre":{"__id__":36},"pageNum":{"__id__":38}}],"_prefab":{"__type__":"cc.PrefabInfo","root":{"__id__":1},"asset":{"__uuid__":"f0TxFrqW1HQaI/ufIOgyRc"},"fileId":"711SHNq1ZIq7IHA7IIi+oC"},"_contentSize":{"__type__":"cc.Size","width":720,"height":1280},"_position":{"__type__":"cc.Vec2","x":360,"y":640}},{"__type__":"cc.Node","_name":"register_bg","_parent":{"__id__":1},"_components":[{"__type__":"cc.Sprite","node":{"__id__":2},"_spriteFrame":{"__uuid__":"a1MBlYxlJCfbr+NLafyUtI"}},{"__type__":"cc.Widget","node":{"__id__":2},"_alignFlags":45,"_originalWidth":720,"_originalHeight":1280}],"_prefab":{"__type__":"cc.PrefabInfo","root":{"__id__":1},"asset":{"__uuid__":"f0TxFrqW1HQaI/ufIOgyRc"},"fileId":"32zCHjEoFMlYAPor7itgEH"},"_contentSize":{"__type__":"cc.Size","width":720,"height":1280}},{"__type__":"cc.Node","_name":"register_top_bg","_parent":{"__id__":1},"_children":[{"__id__":4},{"__id__":5}],"_components":[{"__type__":"cc.Sprite","node":{"__id__":3},"_spriteFrame":{"__uuid__":"4fLE3DWWZAyr8jo5tGUy11"}},{"__type__":"cc.Widget","node":{"__id__":3},"_alignFlags":41,"_originalWidth":720}],"_prefab":{"__type__":"cc.PrefabInfo","root":{"__id__":1},"asset":{"__uuid__":"f0TxFrqW1HQaI/ufIOgyRc"},"fileId":"ac5LdCAINOAbrAiJmxT7gB"},"_contentSize":{"__type__":"cc.Size","width":720,"height":121},"_position":{"__type__":"cc.Vec2","y":579.5}},{"__type__":"cc.Node","_name":"btn_back","_parent":{"__id__":3},"_components":[{"__type__":"cc.Sprite","node":{"__id__":4},"_spriteFrame":{"__uuid__":"3fOepK9eFOAbCcgONYssFJ"}},{"__type__":"cc.Button","node":{"__id__":4},"transition":3,"zoomScale":1.1,"clickEvents":[{"__type__":"cc.ClickEvent","target":{"__id__":1},"component":"InviteInfo","handler":"onClickBack"}],"_N$target":{"__id__":4}},{"__type__":"cc.Widget","node":{"__id__":4},"_alignFlags":8,"_left":25.5}],"_prefab":{"__type__":"cc.PrefabInfo","root":{"__id__":1},"asset":{"__uuid__":"f0TxFrqW1HQaI/ufIOgyRc"},"fileId":"b1yfqS6mxOPJyFDQVvWVg0"},"_contentSize":{"__type__":"cc.Size","width":55,"height":70},"_position":{"__type__":"cc.Vec2","x":-307,"y":8}},{"__type__":"cc.Node","_name":"title_text","_parent":{"__id__":3},"_components":[{"__type__":"33366L8b2xN67F56E96bR/N","node":{"__id__":5},"_useOriginalSize":false,"_actualFontSize":43,"_fontSize":43,"_N$horizontalAlign":1,"_N$verticalAlign":1,"_string":"邀请","_N$textKey":"Invite_1"}],"_prefab":{"__type__":"cc.PrefabInfo","root":{"__id__":1},"asset":{"__uuid__":"f0TxFrqW1HQaI/ufIOgyRc"},"fileId":"1ei6Gc0L5BIrHs6QCGi2Zv"},"_contentSize":{"__type__":"cc.Size","width":86,"height":40},"_position":{"__type__":"cc.Vec2","y":11}},{"__type__":"cc.Node","_name":"friend_bg","_parent":{"__id__":1},"_children":[{"__id__":7},{"__id__":10},{"__id__":12},{"__id__":14},{"__id__":17}],"_components":[{"__type__":"cc.Sprite","node":{"__id__":6},"_spriteFrame":{"__uuid__":"a53Nhr1AtEkafPnT2TWbSV"},"_type":1,"_sizeMode":0}],"_prefab":{"__type__":"cc.PrefabInfo","root":{"__id__":1},"asset":{"__uuid__":"f0TxFrqW1HQaI/ufIOgyRc"},"fileId":"69Pzd3JQVLh4HAphmo5IPl"},"_contentSize":{"__type__":"cc.Size","width":660,"height":480},"_position":{"__type__":"cc.Vec2","y":290}},{"__type__":"cc.Node","_name":"num_input_bg","_parent":{"__id__":6},"_children":[{"__id__":8}],"_components":[{"__type__":"cc.Sprite","node":{"__id__":7},"_spriteFrame":{"__uuid__":"f6dlY2sRNNXZjSenwgdB+K"},"_type":1,"_sizeMode":0}],"_prefab":{"__type__":"cc.PrefabInfo","root":{"__id__":1},"asset":{"__uuid__":"f0TxFrqW1HQaI/ufIOgyRc"},"fileId":"36Ulaq2rBO3KidR1QU5c2R"},"_contentSize":{"__type__":"cc.Size","width":407,"height":90},"_position":{"__type__":"cc.Vec2","x":-76,"y":160}},{"__type__":"cc.Node","_name":"convert_num","_parent":{"__id__":7},"_components":[{"__id__":9}],"_prefab":{"__type__":"cc.PrefabInfo","root":{"__id__":1},"asset":{"__uuid__":"f0TxFrqW1HQaI/ufIOgyRc"},"fileId":"a5F53xkthCuYRxH272fcel"},"_anchorPoint":{"__type__":"cc.Vec2","x":0.5052303049903427,"y":0.5},"_contentSize":{"__type__":"cc.Size","width":352,"height":60}},{"__type__":"a0a1aK70nxAYIETevnKncbu","node":{"__id__":8},"_useOriginalSize":false,"_N$backgroundImage":{"__uuid__":"dbtDeYo4BLlY0pCQuOB+jZ"},"_N$inputMode":6,"_N$fontSize":24,"_N$placeholder":"钱包地址","_N$placeholderFontSize":24,"_N$maxLength":80,"_N$textKey":"EditInvite_1"},{"__type__":"cc.Node","_name":"btn_convert","_parent":{"__id__":6},"_children":[{"__id__":11}],"_components":[{"__type__":"cc.Sprite","node":{"__id__":10},"_spriteFrame":{"__uuid__":"44B/7Ey31ABKuAtA2k0gSw"},"_type":1,"_sizeMode":0},{"__type__":"cc.Button","node":{"__id__":10},"transition":3,"zoomScale":1.1,"clickEvents":[{"__type__":"cc.ClickEvent","target":{"__id__":1},"component":"InviteInfo","handler":"onClickSearch"}],"_N$target":{"__id__":10}}],"_prefab":{"__type__":"cc.PrefabInfo","root":{"__id__":1},"asset":{"__uuid__":"f0TxFrqW1HQaI/ufIOgyRc"},"fileId":"53jZTxumlG/KXQGRjB8xdr"},"_contentSize":{"__type__":"cc.Size","width":150,"height":70},"_position":{"__type__":"cc.Vec2","x":228,"y":160}},{"__type__":"cc.Node","_name":"New Label","_parent":{"__id__":10},"_components":[{"__type__":"33366L8b2xN67F56E96bR/N","node":{"__id__":11},"_useOriginalSize":false,"_actualFontSize":30,"_fontSize":30,"_lineHeight":30,"_N$horizontalAlign":1,"_N$verticalAlign":1,"_string":"查看收益","_N$textKey":"Invite_2"}],"_prefab":{"__type__":"cc.PrefabInfo","root":{"__id__":1},"asset":{"__uuid__":"f0TxFrqW1HQaI/ufIOgyRc"},"fileId":"9fnAMupPdHrY67xQCgne1y"},"_contentSize":{"__type__":"cc.Size","width":120,"height":30}},{"__type__":"cc.Node","_name":"desc_label","_parent":{"__id__":6},"_components":[{"__id__":13}],"_prefab":{"__type__":"cc.PrefabInfo","root":{"__id__":1},"asset":{"__uuid__":"f0TxFrqW1HQaI/ufIOgyRc"},"fileId":"ebELNDM8dDoaCDXnlhra8+"},"_anchorPoint":{"__type__":"cc.Vec2","x":0.5,"y":1},"_contentSize":{"__type__":"cc.Size","width":600,"height":20},"_position":{"__type__":"cc.Vec2","y":100}},{"__type__":"33366L8b2xN67F56E96bR/N","node":{"__id__":12},"_useOriginalSize":false,"_actualFontSize":20,"_fontSize":20,"_lineHeight":20,"_N$horizontalAlign":1,"_N$overflow":3,"_N$textKey":""},{"__type__":"cc.Node","_name":"record_item","_parent":{"__id__":6},"_children":[{"__id__":15},{"__id__":16}],"_active":false,"_components":[{"__type__":"cc.Layout","node":{"__id__":14},"_layoutSize":{"__type__":"cc.Size","width":280,"height":30},"_resize":1,"_N$layoutType":1}],"_prefab":{"__type__":"cc.PrefabInfo","root":{"__id__":1},"asset":{"__uuid__":"f0TxFrqW1HQaI/ufIOgyRc"},"fileId":"57+AZIkZdNa5tAcPO1HURg"},"_color":{"__type__":"cc.Color","r":64,"g":202,"b":211},"_contentSize":{"__type__":"cc.Size","width":280,"height":30},"_position":{"__type__":"cc.Vec2","x":-150,"y":-15}},{"__type__":"cc.Node","_name":"num","_parent":{"__id__":14},"_components":[{"__type__":"33366L8b2xN67F56E96bR/N","node":{"__id__":15},"_useOriginalSize":false,"_actualFontSize":20,"_fontSize":20,"_lineHeight":20,"_enableWrapText":false,"_N$horizontalAlign":1,"_N$overflow":2,"_string":"100.00","_N$textKey":""}],"_prefab":{"__type__":"cc.PrefabInfo","root":{"__id__":1},"asset":{"__uuid__":"f0TxFrqW1HQaI/ufIOgyRc"},"fileId":"94wfGgts9D47YlzF0eSoe/"},"_contentSize":{"__type__":"cc.Size","width":120,"height":20},"_position":{"__type__":"cc.Vec2","x":-80}},{"__type__":"cc.Node","_name":"time","_parent":{"__id__":14},"_components":[{"__type__":"33366L8b2xN67F56E96bR/N","node":{"__id__":16},"_useOriginalSize":false,"_actualFontSize":20,"_fontSize":20,"_lineHeight":20,"_N$horizontalAlign":1,"_N$overflow":2,"_string":"2018/01/01","_N$textKey":""}],"_prefab":{"__type__":"cc.PrefabInfo","root":{"__id__":1},"asset":{"__uuid__":"f0TxFrqW1HQaI/ufIOgyRc"},"fileId":"7dNtNEYg5NIrk6Sd7AmTH2"},"_contentSize":{"__type__":"cc.Size","width":160,"height":20},"_position":{"__type__":"cc.Vec2","x":60}},{"__type__":"cc.Node","_name":"record_list","_parent":{"__id__":6},"_children":[{"__id__":18}],"_components":[{"__type__":"cc.ScrollView","node":{"__id__":17},"content":{"__id__":19},"horizontal":false,"brake":0.75,"bounceDuration":0.23,"_N$horizontalScrollBar":null,"_N$verticalScrollBar":null},{"__type__":"cc.Widget","node":{"__id__":17},"_alignFlags":45,"_top":200,"_originalWidth":240,"_originalHeight":250}],"_prefab":{"__type__":"cc.PrefabInfo","root":{"__id__":1},"asset":{"__uuid__":"f0TxFrqW1HQaI/ufIOgyRc"},"fileId":"abtmHesHlKVroc9AlYMyms"},"_color":{"__type__":"cc.Color","r":184,"g":184,"b":184},"_contentSize":{"__type__":"cc.Size","width":660,"height":280},"_position":{"__type__":"cc.Vec2","y":-100}},{"__type__":"cc.Node","_name":"view","_parent":{"__id__":17},"_children":[{"__id__":19}],"_components":[{"__type__":"cc.Mask","node":{"__id__":18}},{"__type__":"cc.Widget","node":{"__id__":18},"_alignFlags":45,"_originalWidth":240,"_originalHeight":250}],"_prefab":{"__type__":"cc.PrefabInfo","root":{"__id__":1},"asset":{"__uuid__":"f0TxFrqW1HQaI/ufIOgyRc"},"fileId":"cc52trbS1DxrsO+KajfBX+"},"_contentSize":{"__type__":"cc.Size","width":660,"height":280}},{"__type__":"cc.Node","_name":"content","_parent":{"__id__":18},"_components":[{"__type__":"cc.Widget","node":{"__id__":19},"_alignFlags":41,"_originalWidth":220},{"__type__":"cc.Layout","node":{"__id__":19},"_layoutSize":{"__type__":"cc.Size","width":660,"height":30},"_resize":1,"_N$layoutType":3,"_N$paddingLeft":40,"_N$spacingX":10}],"_prefab":{"__type__":"cc.PrefabInfo","root":{"__id__":1},"asset":{"__uuid__":"f0TxFrqW1HQaI/ufIOgyRc"},"fileId":"65UiBDFkBCQbMi4SuTnUq8"},"_anchorPoint":{"__type__":"cc.Vec2","x":0.5,"y":1},"_contentSize":{"__type__":"cc.Size","width":660,"height":30},"_position":{"__type__":"cc.Vec2","y":140}},{"__type__":"cc.Node","_name":"invite_bg","_parent":{"__id__":1},"_children":[{"__id__":21},{"__id__":22},{"__id__":24}],"_components":[{"__type__":"cc.Sprite","node":{"__id__":20},"_spriteFrame":{"__uuid__":"a53Nhr1AtEkafPnT2TWbSV"},"_type":1,"_sizeMode":0}],"_prefab":{"__type__":"cc.PrefabInfo","root":{"__id__":1},"asset":{"__uuid__":"f0TxFrqW1HQaI/ufIOgyRc"},"fileId":"efqfc6H3xBKaoDLwDLsiEg"},"_contentSize":{"__type__":"cc.Size","width":660,"height":200},"_position":{"__type__":"cc.Vec2","y":-80}},{"__type__":"cc.Node","_name":"invite_tip","_parent":{"__id__":20},"_components":[{"__type__":"33366L8b2xN67F56E96bR/N","node":{"__id__":21},"_useOriginalSize":false,"_actualFontSize":30,"_fontSize":30,"_lineHeight":30,"_N$horizontalAlign":1,"_N$verticalAlign":1,"_string":"我的邀请码：","_N$textKey":"Invite_3"},{"__type__":"cc.Widget","node":{"__id__":21},"_alignFlags":9,"_left":40,"_top":30}],"_prefab":{"__type__":"cc.PrefabInfo","root":{"__id__":1},"asset":{"__uuid__":"f0TxFrqW1HQaI/ufIOgyRc"},"fileId":"a1sfV3InpKRYsQ9N06Qu09"},"_color":{"__type__":"cc.Color","r":70,"g":210,"b":220},"_contentSize":{"__type__":"cc.Size","width":180,"height":30},"_position":{"__type__":"cc.Vec2","x":-200,"y":55}},{"__type__":"cc.Node","_name":"invite_code","_parent":{"__id__":20},"_components":[{"__id__":23}],"_prefab":{"__type__":"cc.PrefabInfo","root":{"__id__":1},"asset":{"__uuid__":"f0TxFrqW1HQaI/ufIOgyRc"},"fileId":"f6F5O8IIFDsqpE0fF4Q9cH"},"_contentSize":{"__type__":"cc.Size","width":600,"height":30}},{"__type__":"33366L8b2xN67F56E96bR/N","node":{"__id__":22},"_useOriginalSize":false,"_actualFontSize":30,"_fontSize":30,"_lineHeight":30,"_N$horizontalAlign":1,"_N$verticalAlign":1,"_N$overflow":2,"_N$textKey":""},{"__type__":"cc.Node","_name":"btn_copy","_parent":{"__id__":20},"_children":[{"__id__":25}],"_components":[{"__type__":"cc.Sprite","node":{"__id__":24},"_spriteFrame":{"__uuid__":"44B/7Ey31ABKuAtA2k0gSw"},"_type":1,"_sizeMode":0},{"__type__":"cc.Button","node":{"__id__":24},"transition":3,"zoomScale":1.1,"clickEvents":[{"__type__":"cc.ClickEvent","target":{"__id__":1},"component":"InviteInfo","handler":"onClickCopy"}],"_N$target":{"__id__":24}},{"__type__":"cc.Widget","node":{"__id__":24},"_alignFlags":36,"_right":23,"_bottom":12}],"_prefab":{"__type__":"cc.PrefabInfo","root":{"__id__":1},"asset":{"__uuid__":"f0TxFrqW1HQaI/ufIOgyRc"},"fileId":"31k5lX3BlGgZq29nZN5wLt"},"_contentSize":{"__type__":"cc.Size","width":150,"height":60},"_position":{"__type__":"cc.Vec2","x":232,"y":-58}},{"__type__":"cc.Node","_name":"New Label","_parent":{"__id__":24},"_components":[{"__type__":"33366L8b2xN67F56E96bR/N","node":{"__id__":25},"_useOriginalSize":false,"_actualFontSize":30,"_fontSize":30,"_lineHeight":30,"_N$horizontalAlign":1,"_N$verticalAlign":1,"_string":"复制","_N$textKey":"Invite_4"}],"_prefab":{"__type__":"cc.PrefabInfo","root":{"__id__":1},"asset":{"__uuid__":"f0TxFrqW1HQaI/ufIOgyRc"},"fileId":"0aRH4vtl5LiJCDkFAwUu+B"},"_contentSize":{"__type__":"cc.Size","width":60,"height":30}},{"__type__":"cc.Node","_name":"vip_bg","_parent":{"__id__":1},"_children":[{"__id__":27},{"__id__":28},{"__id__":31},{"__id__":34}],"_components":[{"__type__":"cc.Sprite","node":{"__id__":26},"_spriteFrame":{"__uuid__":"a53Nhr1AtEkafPnT2TWbSV"},"_type":1,"_sizeMode":0}],"_prefab":{"__type__":"cc.PrefabInfo","root":{"__id__":1},"asset":{"__uuid__":"f0TxFrqW1HQaI/ufIOgyRc"},"fileId":"7abvALBjtI8IbQyvW+QjUr"},"_contentSize":{"__type__":"cc.Size","width":660,"height":411},"_position":{"__type__":"cc.Vec2","y":-410}},{"__type__":"cc.Node","_name":"charge_tip","_parent":{"__id__":26},"_components":[{"__type__":"33366L8b2xN67F56E96bR/N","node":{"__id__":27},"_useOriginalSize":false,"_actualFontSize":30,"_fontSize":30,"_lineHeight":30,"_N$horizontalAlign":1,"_N$verticalAlign":1,"_string":"贵宾列表：","_N$textKey":"Invite_5"},{"__type__":"cc.Widget","node":{"__id__":27},"_alignFlags":9,"_left":25,"_top":20.5}],"_prefab":{"__type__":"cc.PrefabInfo","root":{"__id__":1},"asset":{"__uuid__":"f0TxFrqW1HQaI/ufIOgyRc"},"fileId":"a5q5HRqyZAEYiOgOkgSn1C"},"_color":{"__type__":"cc.Color","r":64,"g":202,"b":211},"_contentSize":{"__type__":"cc.Size","width":150,"height":30},"_position":{"__type__":"cc.Vec2","x":-230,"y":170}},{"__type__":"cc.Node","_name":"record_item","_parent":{"__id__":26},"_children":[{"__id__":29},{"__id__":30}],"_active":false,"_components":[{"__type__":"cc.Layout","node":{"__id__":28},"_layoutSize":{"__type__":"cc.Size","width":460,"height":30},"_resize":1,"_N$layoutType":1}],"_prefab":{"__type__":"cc.PrefabInfo","root":{"__id__":1},"asset":{"__uuid__":"f0TxFrqW1HQaI/ufIOgyRc"},"fileId":"033gvFv6RDtY7ILJIQ21Iv"},"_color":{"__type__":"cc.Color","r":64,"g":202,"b":211},"_contentSize":{"__type__":"cc.Size","width":460,"height":30},"_position":{"__type__":"cc.Vec2","y":-15}},{"__type__":"cc.Node","_name":"address","_parent":{"__id__":28},"_components":[{"__type__":"33366L8b2xN67F56E96bR/N","node":{"__id__":29},"_useOriginalSize":false,"_actualFontSize":20,"_fontSize":20,"_lineHeight":20,"_N$horizontalAlign":1,"_N$overflow":2,"_N$textKey":""}],"_prefab":{"__type__":"cc.PrefabInfo","root":{"__id__":1},"asset":{"__uuid__":"f0TxFrqW1HQaI/ufIOgyRc"},"fileId":"39153DVYBLvpU/4lHjYS8K"},"_contentSize":{"__type__":"cc.Size","width":300,"height":20},"_position":{"__type__":"cc.Vec2","x":-80}},{"__type__":"cc.Node","_name":"time","_parent":{"__id__":28},"_components":[{"__type__":"33366L8b2xN67F56E96bR/N","node":{"__id__":30},"_useOriginalSize":false,"_actualFontSize":20,"_fontSize":20,"_lineHeight":20,"_N$horizontalAlign":1,"_N$overflow":2,"_string":"2018/01/01","_N$textKey":""}],"_prefab":{"__type__":"cc.PrefabInfo","root":{"__id__":1},"asset":{"__uuid__":"f0TxFrqW1HQaI/ufIOgyRc"},"fileId":"a8zNdYIHJHj7okTO40ulUU"},"_contentSize":{"__type__":"cc.Size","width":160,"height":20},"_position":{"__type__":"cc.Vec2","x":150}},{"__type__":"cc.Node","_name":"record_list","_parent":{"__id__":26},"_children":[{"__id__":32}],"_components":[{"__type__":"cc.ScrollView","node":{"__id__":31},"content":{"__id__":33},"horizontal":false,"brake":0.75,"bounceDuration":0.23,"_N$horizontalScrollBar":null,"_N$verticalScrollBar":null},{"__type__":"cc.Widget","node":{"__id__":31},"_alignFlags":45,"_top":60.5,"_bottom":50.5,"_originalWidth":240,"_originalHeight":250}],"_prefab":{"__type__":"cc.PrefabInfo","root":{"__id__":1},"asset":{"__uuid__":"f0TxFrqW1HQaI/ufIOgyRc"},"fileId":"cd5bsryQlMQYE5G2OrR043"},"_color":{"__type__":"cc.Color","r":184,"g":184,"b":184},"_contentSize":{"__type__":"cc.Size","width":660,"height":300},"_position":{"__type__":"cc.Vec2","y":-5}},{"__type__":"cc.Node","_name":"view","_parent":{"__id__":31},"_children":[{"__id__":33}],"_components":[{"__type__":"cc.Mask","node":{"__id__":32}},{"__type__":"cc.Widget","node":{"__id__":32},"_alignFlags":45,"_originalWidth":240,"_originalHeight":250}],"_prefab":{"__type__":"cc.PrefabInfo","root":{"__id__":1},"asset":{"__uuid__":"f0TxFrqW1HQaI/ufIOgyRc"},"fileId":"18MqLxrFdNHJYyvEkiYDRj"},"_contentSize":{"__type__":"cc.Size","width":660,"height":300}},{"__type__":"cc.Node","_name":"content","_parent":{"__id__":32},"_components":[{"__type__":"cc.Widget","node":{"__id__":33},"_alignFlags":41,"_originalWidth":220},{"__type__":"cc.Layout","node":{"__id__":33},"_layoutSize":{"__type__":"cc.Size","width":660,"height":30},"_resize":1,"_N$layoutType":2}],"_prefab":{"__type__":"cc.PrefabInfo","root":{"__id__":1},"asset":{"__uuid__":"f0TxFrqW1HQaI/ufIOgyRc"},"fileId":"21TJ3udq5KVZsftw5cBvjx"},"_anchorPoint":{"__type__":"cc.Vec2","x":0.5,"y":1},"_contentSize":{"__type__":"cc.Size","width":660,"height":30},"_position":{"__type__":"cc.Vec2","y":150}},{"__type__":"cc.Node","_name":"bottom_bg","_parent":{"__id__":26},"_children":[{"__id__":35},{"__id__":36},{"__id__":37}],"_components":[{"__type__":"cc.Widget","node":{"__id__":34},"_alignFlags":44,"_originalWidth":720}],"_prefab":{"__type__":"cc.PrefabInfo","root":{"__id__":1},"asset":{"__uuid__":"f0TxFrqW1HQaI/ufIOgyRc"},"fileId":"bb58ybyO9GiYPhQN51xjz+"},"_contentSize":{"__type__":"cc.Size","width":660,"height":50},"_position":{"__type__":"cc.Vec2","y":-180.5}},{"__type__":"cc.Node","_name":"btn_next","_parent":{"__id__":34},"_components":[{"__type__":"cc.Sprite","node":{"__id__":35},"_spriteFrame":{"__uuid__":"3fOepK9eFOAbCcgONYssFJ"},"_sizeMode":0},{"__type__":"cc.Button","node":{"__id__":35},"transition":3,"zoomScale":1.1,"clickEvents":[{"__type__":"cc.ClickEvent","target":{"__id__":1},"component":"InviteInfo","handler":"onClickNextPage"}],"_N$target":{"__id__":35}},{"__type__":"cc.Widget","node":{"__id__":35},"_alignFlags":32,"_right":130}],"_prefab":{"__type__":"cc.PrefabInfo","root":{"__id__":1},"asset":{"__uuid__":"f0TxFrqW1HQaI/ufIOgyRc"},"fileId":"0cikHUJ0lOlpKo/ogOmOEI"},"_contentSize":{"__type__":"cc.Size","width":40,"height":50},"_scaleX":-1,"_scaleY":-1,"_position":{"__type__":"cc.Vec2","x":180}},{"__type__":"cc.Node","_name":"btn_pre","_parent":{"__id__":34},"_components":[{"__type__":"cc.Sprite","node":{"__id__":36},"_spriteFrame":{"__uuid__":"3fOepK9eFOAbCcgONYssFJ"},"_sizeMode":0},{"__type__":"cc.Button","node":{"__id__":36},"transition":3,"zoomScale":1.1,"clickEvents":[{"__type__":"cc.ClickEvent","target":{"__id__":1},"component":"InviteInfo","handler":"onClickPrePage"}],"_N$target":{"__id__":36}},{"__type__":"cc.Widget","node":{"__id__":36},"_alignFlags":8,"_left":130}],"_prefab":{"__type__":"cc.PrefabInfo","root":{"__id__":1},"asset":{"__uuid__":"f0TxFrqW1HQaI/ufIOgyRc"},"fileId":"d042tYuVhMnYPCNMNzkbFS"},"_contentSize":{"__type__":"cc.Size","width":40,"height":50},"_position":{"__type__":"cc.Vec2","x":-180}},{"__type__":"cc.Node","_name":"page_num","_parent":{"__id__":34},"_components":[{"__id__":38}],"_prefab":{"__type__":"cc.PrefabInfo","root":{"__id__":1},"asset":{"__uuid__":"f0TxFrqW1HQaI/ufIOgyRc"},"fileId":"f3ITn9n5hH4K6VIojLFJjk"},"_contentSize":{"__type__":"cc.Size","width":56,"height":40}},{"__type__":"33366L8b2xN67F56E96bR/N","node":{"__id__":37},"_useOriginalSize":false,"_string":"0/0","_N$textKey":""}]