[{"__type__":"cc.SceneAsset","_name":"logo_scene","scene":{"__id__":1},"asyncLoadAssets":null},{"__type__":"cc.Scene","_name":"New Node","_children":[{"__id__":2}],"_anchorPoint":{"__type__":"cc.Vec2"},"autoReleaseAssets":false},{"__type__":"cc.Node","_name":"Canvas","_parent":{"__id__":1},"_children":[{"__id__":3},{"__id__":4},{"__id__":29},{"__id__":33},{"__id__":37},{"__id__":39}],"_components":[{"__type__":"cc.Canvas","node":{"__id__":2},"_designResolution":{"__type__":"cc.Size","width":720,"height":1280}},{"__type__":"ab2f0eEpYFB4pDZ4pDCt2r1","node":{"__id__":2},"fromInput":{"__id__":32},"numInput":{"__id__":36},"passLabel":{"__id__":41}}],"_id":"99RmpCr6hL6pb8uIfeEQvd","_contentSize":{"__type__":"cc.Size","width":720,"height":1280},"_position":{"__type__":"cc.Vec2","x":360,"y":640}},{"__type__":"cc.Node","_name":"register_bg","_parent":{"__id__":2},"_components":[{"__type__":"cc.Sprite","node":{"__id__":3},"_spriteFrame":{"__uuid__":"a1MBlYxlJCfbr+NLafyUtI"},"_sizeMode":0},{"__type__":"cc.Widget","node":{"__id__":3},"_alignFlags":45,"_originalWidth":720,"_originalHeight":1280}],"_contentSize":{"__type__":"cc.Size","width":720,"height":1280}},{"__type__":"cc.Node","_name":"from_quick","_parent":{"__id__":2},"_children":[{"__id__":5},{"__id__":11},{"__id__":17},{"__id__":23}],"_components":[{"__type__":"cc.Layout","node":{"__id__":4},"_layoutSize":{"__type__":"cc.Size","width":478,"height":50},"_resize":1,"_N$layoutType":1,"_N$spacingX":40}],"_contentSize":{"__type__":"cc.Size","width":478,"height":50},"_position":{"__type__":"cc.Vec2","x":-27,"y":350}},{"__type__":"cc.Node","_name":"quick_item_1","_parent":{"__id__":4},"_children":[{"__id__":6},{"__id__":7}],"_components":[{"__type__":"cc.Layout","node":{"__id__":5},"_layoutSize":{"__type__":"cc.Size","width":76,"height":40},"_resize":1,"_N$layoutType":1},{"__type__":"cc.Button","node":{"__id__":5},"clickEvents":[{"__type__":"cc.ClickEvent","target":{"__id__":2},"component":"LogoScene","handler":"onClickQuickItem","customEventData":"ABCDEFGHIJKLMNOPQRSTUVWXYZ"}],"_N$target":{"__id__":5}}],"_contentSize":{"__type__":"cc.Size","width":76,"height":40},"_position":{"__type__":"cc.Vec2","x":-201}},{"__type__":"cc.Node","_name":"quick_tip","_parent":{"__id__":5},"_components":[{"__type__":"33366L8b2xN67F56E96bR/N","node":{"__id__":6},"_useOriginalSize":false,"_actualFontSize":30,"_fontSize":30,"_lineHeight":30,"_N$horizontalAlign":1,"_N$verticalAlign":1,"_string":"A-Z","_N$textKey":""}],"_color":{"__type__":"cc.Color","r":255,"g":255},"_anchorPoint":{"__type__":"cc.Vec2","x":1,"y":0.5},"_contentSize":{"__type__":"cc.Size","width":48,"height":30},"_position":{"__type__":"cc.Vec2","x":10}},{"__type__":"cc.Node","_name":"quick_check","_parent":{"__id__":5},"_children":[{"__id__":8},{"__id__":9}],"_components":[{"__type__":"cc.Toggle","node":{"__id__":7},"transition":3,"_N$interactable":false,"_N$target":{"__id__":8},"checkMark":{"__id__":10},"_N$isChecked":false}],"_contentSize":{"__type__":"cc.Size","width":28,"height":28},"_position":{"__type__":"cc.Vec2","x":24}},{"__type__":"cc.Node","_name":"Background","_parent":{"__id__":7},"_components":[{"__type__":"cc.Sprite","node":{"__id__":8},"_spriteFrame":{"__uuid__":"68J8oyAQdFUrqy37MXmbtE"}}],"_contentSize":{"__type__":"cc.Size","width":28,"height":28}},{"__type__":"cc.Node","_name":"checkmark","_parent":{"__id__":7},"_active":false,"_components":[{"__id__":10}],"_contentSize":{"__type__":"cc.Size","width":28,"height":28}},{"__type__":"cc.Sprite","node":{"__id__":9},"_spriteFrame":{"__uuid__":"90AErWL21A4ZPvtxQ3XG8G"},"_sizeMode":2,"_isTrimmedMode":false},{"__type__":"cc.Node","_name":"quick_item_2","_parent":{"__id__":4},"_children":[{"__id__":12},{"__id__":13}],"_components":[{"__type__":"cc.Layout","node":{"__id__":11},"_layoutSize":{"__type__":"cc.Size","width":70,"height":40},"_resize":1,"_N$layoutType":1},{"__type__":"cc.Button","node":{"__id__":11},"clickEvents":[{"__type__":"cc.ClickEvent","target":{"__id__":2},"component":"LogoScene","handler":"onClickQuickItem","customEventData":"abcdefghijklmnopqrstuvwxyz"}],"_N$target":{"__id__":11}}],"_contentSize":{"__type__":"cc.Size","width":70,"height":40},"_position":{"__type__":"cc.Vec2","x":-88}},{"__type__":"cc.Node","_name":"quick_tip","_parent":{"__id__":11},"_components":[{"__type__":"33366L8b2xN67F56E96bR/N","node":{"__id__":12},"_useOriginalSize":false,"_actualFontSize":30,"_fontSize":30,"_lineHeight":30,"_N$horizontalAlign":1,"_N$verticalAlign":1,"_string":"a-z","_N$textKey":""}],"_color":{"__type__":"cc.Color","r":255,"g":255},"_anchorPoint":{"__type__":"cc.Vec2","x":1,"y":0.5},"_contentSize":{"__type__":"cc.Size","width":42,"height":30},"_position":{"__type__":"cc.Vec2","x":7}},{"__type__":"cc.Node","_name":"quick_check","_parent":{"__id__":11},"_children":[{"__id__":14},{"__id__":15}],"_components":[{"__type__":"cc.Toggle","node":{"__id__":13},"transition":3,"_N$interactable":false,"_N$target":{"__id__":14},"checkMark":{"__id__":16},"_N$isChecked":false}],"_contentSize":{"__type__":"cc.Size","width":28,"height":28},"_position":{"__type__":"cc.Vec2","x":21}},{"__type__":"cc.Node","_name":"Background","_parent":{"__id__":13},"_components":[{"__type__":"cc.Sprite","node":{"__id__":14},"_spriteFrame":{"__uuid__":"68J8oyAQdFUrqy37MXmbtE"}}],"_contentSize":{"__type__":"cc.Size","width":28,"height":28}},{"__type__":"cc.Node","_name":"checkmark","_parent":{"__id__":13},"_active":false,"_components":[{"__id__":16}],"_contentSize":{"__type__":"cc.Size","width":28,"height":28}},{"__type__":"cc.Sprite","node":{"__id__":15},"_spriteFrame":{"__uuid__":"90AErWL21A4ZPvtxQ3XG8G"},"_sizeMode":2,"_isTrimmedMode":false},{"__type__":"cc.Node","_name":"quick_item_3","_parent":{"__id__":4},"_children":[{"__id__":18},{"__id__":19}],"_components":[{"__type__":"cc.Layout","node":{"__id__":17},"_layoutSize":{"__type__":"cc.Size","width":71,"height":40},"_resize":1,"_N$layoutType":1},{"__type__":"cc.Button","node":{"__id__":17},"clickEvents":[{"__type__":"cc.ClickEvent","target":{"__id__":2},"component":"LogoScene","handler":"onClickQuickItem","customEventData":"0123456789"}],"_N$target":{"__id__":17}}],"_contentSize":{"__type__":"cc.Size","width":71,"height":40},"_position":{"__type__":"cc.Vec2","x":22.5}},{"__type__":"cc.Node","_name":"quick_tip","_parent":{"__id__":17},"_components":[{"__type__":"33366L8b2xN67F56E96bR/N","node":{"__id__":18},"_useOriginalSize":false,"_actualFontSize":30,"_fontSize":30,"_lineHeight":30,"_N$horizontalAlign":1,"_N$verticalAlign":1,"_string":"0-9","_N$textKey":""}],"_color":{"__type__":"cc.Color","r":255,"g":255},"_anchorPoint":{"__type__":"cc.Vec2","x":1,"y":0.5},"_contentSize":{"__type__":"cc.Size","width":43,"height":30},"_position":{"__type__":"cc.Vec2","x":7.5}},{"__type__":"cc.Node","_name":"quick_check","_parent":{"__id__":17},"_children":[{"__id__":20},{"__id__":21}],"_components":[{"__type__":"cc.Toggle","node":{"__id__":19},"transition":3,"_N$interactable":false,"_N$target":{"__id__":20},"checkMark":{"__id__":22},"_N$isChecked":false}],"_contentSize":{"__type__":"cc.Size","width":28,"height":28},"_position":{"__type__":"cc.Vec2","x":21.5}},{"__type__":"cc.Node","_name":"Background","_parent":{"__id__":19},"_components":[{"__type__":"cc.Sprite","node":{"__id__":20},"_spriteFrame":{"__uuid__":"68J8oyAQdFUrqy37MXmbtE"}}],"_contentSize":{"__type__":"cc.Size","width":28,"height":28}},{"__type__":"cc.Node","_name":"checkmark","_parent":{"__id__":19},"_active":false,"_components":[{"__id__":22}],"_contentSize":{"__type__":"cc.Size","width":28,"height":28}},{"__type__":"cc.Sprite","node":{"__id__":21},"_spriteFrame":{"__uuid__":"90AErWL21A4ZPvtxQ3XG8G"},"_sizeMode":2,"_isTrimmedMode":false},{"__type__":"cc.Node","_name":"quick_item_4","_parent":{"__id__":4},"_children":[{"__id__":24},{"__id__":25}],"_components":[{"__type__":"cc.Layout","node":{"__id__":23},"_layoutSize":{"__type__":"cc.Size","width":141,"height":40},"_resize":1,"_N$layoutType":1},{"__type__":"cc.Button","node":{"__id__":23},"clickEvents":[{"__type__":"cc.ClickEvent","target":{"__id__":2},"component":"LogoScene","handler":"onClickQuickItem","customEventData":"!@#$%^"}],"_N$target":{"__id__":11}}],"_contentSize":{"__type__":"cc.Size","width":141,"height":40},"_position":{"__type__":"cc.Vec2","x":168.5}},{"__type__":"cc.Node","_name":"quick_tip","_parent":{"__id__":23},"_components":[{"__type__":"33366L8b2xN67F56E96bR/N","node":{"__id__":24},"_useOriginalSize":false,"_actualFontSize":30,"_fontSize":30,"_lineHeight":30,"_N$horizontalAlign":1,"_N$verticalAlign":1,"_string":"!@#$%^","_N$textKey":""}],"_color":{"__type__":"cc.Color","r":255,"g":255},"_anchorPoint":{"__type__":"cc.Vec2","x":1,"y":0.5},"_contentSize":{"__type__":"cc.Size","width":113,"height":30},"_position":{"__type__":"cc.Vec2","x":42.5}},{"__type__":"cc.Node","_name":"quick_check","_parent":{"__id__":23},"_children":[{"__id__":26},{"__id__":27}],"_components":[{"__type__":"cc.Toggle","node":{"__id__":25},"transition":3,"_N$interactable":false,"_N$target":{"__id__":26},"checkMark":{"__id__":28},"_N$isChecked":false}],"_contentSize":{"__type__":"cc.Size","width":28,"height":28},"_position":{"__type__":"cc.Vec2","x":56.5}},{"__type__":"cc.Node","_name":"Background","_parent":{"__id__":25},"_components":[{"__type__":"cc.Sprite","node":{"__id__":26},"_spriteFrame":{"__uuid__":"68J8oyAQdFUrqy37MXmbtE"}}],"_contentSize":{"__type__":"cc.Size","width":28,"height":28}},{"__type__":"cc.Node","_name":"checkmark","_parent":{"__id__":25},"_active":false,"_components":[{"__id__":28}],"_contentSize":{"__type__":"cc.Size","width":28,"height":28}},{"__type__":"cc.Sprite","node":{"__id__":27},"_spriteFrame":{"__uuid__":"90AErWL21A4ZPvtxQ3XG8G"},"_sizeMode":2,"_isTrimmedMode":false},{"__type__":"cc.Node","_name":"input_from","_parent":{"__id__":2},"_children":[{"__id__":30},{"__id__":31}],"_components":[{"__type__":"cc.Sprite","node":{"__id__":29},"_spriteFrame":{"__uuid__":"f6dlY2sRNNXZjSenwgdB+K"},"_type":1,"_sizeMode":0},{"__type__":"cc.Widget","node":{"__id__":29},"_alignFlags":4,"_bottom":764}],"_contentSize":{"__type__":"cc.Size","width":650,"height":140},"_position":{"__type__":"cc.Vec2","y":194}},{"__type__":"cc.Node","_name":"input_tip","_parent":{"__id__":29},"_components":[{"__type__":"33366L8b2xN67F56E96bR/N","node":{"__id__":30},"_useOriginalSize":false,"_actualFontSize":35,"_fontSize":36,"_N$horizontalAlign":1,"_N$verticalAlign":1,"_N$overflow":2,"_string":"Seed：","_N$textKey":""}],"_color":{"__type__":"cc.Color","r":38,"g":181,"b":241},"_contentSize":{"__type__":"cc.Size","width":120,"height":40},"_position":{"__type__":"cc.Vec2","x":-231}},{"__type__":"cc.Node","_name":"input_box","_parent":{"__id__":29},"_components":[{"__id__":32}],"_contentSize":{"__type__":"cc.Size","width":430,"height":60},"_position":{"__type__":"cc.Vec2","x":49}},{"__type__":"a0a1aK70nxAYIETevnKncbu","node":{"__id__":31},"_useOriginalSize":false,"_N$backgroundImage":{"__uuid__":"dbtDeYo4BLlY0pCQuOB+jZ"},"_N$inputMode":6,"_N$fontSize":32,"_N$placeholder":"eg:xx.xx.xx.xx:xx","_N$placeholderFontSize":32,"_N$maxLength":100,"_N$textKey":""},{"__type__":"cc.Node","_name":"input_num","_parent":{"__id__":2},"_children":[{"__id__":34},{"__id__":35}],"_components":[{"__type__":"cc.Sprite","node":{"__id__":33},"_spriteFrame":{"__uuid__":"f6dlY2sRNNXZjSenwgdB+K"},"_type":1,"_sizeMode":0},{"__type__":"cc.Widget","node":{"__id__":33},"_alignFlags":4,"_bottom":570}],"_contentSize":{"__type__":"cc.Size","width":650,"height":140}},{"__type__":"cc.Node","_name":"input_tip","_parent":{"__id__":33},"_components":[{"__type__":"33366L8b2xN67F56E96bR/N","node":{"__id__":34},"_useOriginalSize":false,"_actualFontSize":29,"_fontSize":36,"_N$horizontalAlign":1,"_N$verticalAlign":1,"_N$overflow":2,"_string":"Length：","_N$textKey":""}],"_color":{"__type__":"cc.Color","r":38,"g":181,"b":241},"_contentSize":{"__type__":"cc.Size","width":120,"height":40},"_position":{"__type__":"cc.Vec2","x":-231}},{"__type__":"cc.Node","_name":"input_box","_parent":{"__id__":33},"_components":[{"__id__":36}],"_contentSize":{"__type__":"cc.Size","width":430,"height":60},"_position":{"__type__":"cc.Vec2","x":49}},{"__type__":"a0a1aK70nxAYIETevnKncbu","node":{"__id__":35},"_useOriginalSize":false,"_string":"16","_N$backgroundImage":{"__uuid__":"dbtDeYo4BLlY0pCQuOB+jZ"},"_N$inputMode":2,"_N$fontSize":32,"_N$placeholder":"eg:xx.xx.xx.xx:xx","_N$placeholderFontSize":32,"_N$maxLength":100,"_N$textKey":""},{"__type__":"cc.Node","_name":"btn_new","_parent":{"__id__":2},"_children":[{"__id__":38}],"_components":[{"__type__":"cc.Sprite","node":{"__id__":37},"_spriteFrame":{"__uuid__":"44B/7Ey31ABKuAtA2k0gSw"},"_type":1,"_sizeMode":0},{"__type__":"cc.Button","node":{"__id__":37},"transition":3,"zoomScale":1.1,"clickEvents":[{"__type__":"cc.ClickEvent","target":{"__id__":2},"component":"LogoScene","handler":"onClickNew"}],"_N$target":{"__id__":37}}],"_contentSize":{"__type__":"cc.Size","width":200,"height":82},"_position":{"__type__":"cc.Vec2","y":-150}},{"__type__":"cc.Node","_name":"New Node","_parent":{"__id__":37},"_components":[{"__type__":"33366L8b2xN67F56E96bR/N","node":{"__id__":38},"_useOriginalSize":false,"_actualFontSize":30,"_fontSize":30,"_lineHeight":30,"_string":"Create","_N$textKey":""}],"_contentSize":{"__type__":"cc.Size","width":90,"height":30}},{"__type__":"cc.Node","_name":"common_tip_bg","_parent":{"__id__":2},"_children":[{"__id__":40}],"_components":[{"__type__":"cc.Sprite","node":{"__id__":39},"_spriteFrame":{"__uuid__":"a53Nhr1AtEkafPnT2TWbSV"},"_type":1,"_sizeMode":0}],"_contentSize":{"__type__":"cc.Size","width":600,"height":134},"_position":{"__type__":"cc.Vec2","y":-300}},{"__type__":"cc.Node","_name":"password","_parent":{"__id__":39},"_components":[{"__id__":41}],"_contentSize":{"__type__":"cc.Size","width":550,"height":40}},{"__type__":"33366L8b2xN67F56E96bR/N","node":{"__id__":40},"_useOriginalSize":false,"_actualFontSize":30,"_fontSize":30,"_N$horizontalAlign":1,"_N$overflow":2,"_string":"password","_N$textKey":""}]