[{"__type__":"cc.SceneAsset","_name":"hall_scene","scene":{"__id__":1},"asyncLoadAssets":null},{"__type__":"cc.Scene","_name":"New Node","_children":[{"__id__":2}],"_anchorPoint":{"__type__":"cc.Vec2"},"autoReleaseAssets":false},{"__type__":"cc.Node","_name":"Canvas","_parent":{"__id__":1},"_children":[{"__id__":3},{"__id__":4},{"__id__":12},{"__id__":16}],"_components":[{"__type__":"cc.Canvas","node":{"__id__":2},"_designResolution":{"__type__":"cc.Size","width":720,"height":1280}},{"__type__":"05c7fGhcllKA4tnqeiYCrgp","node":{"__id__":2},"staticAtlas":{"__uuid__":"16VwKXqXRC5YJSUY5w2pIR"},"playerName":{"__id__":11},"curCoin":{"__id__":9},"roomParent":{"__id__":15},"roomItem":{"__uuid__":"ca5nprQuVN2YiKFH29vEsS"},"btnPre":{"__id__":20},"btnNext":{"__id__":19}}],"_id":"74+wOnXK9KRbe+HKY7qu10","_contentSize":{"__type__":"cc.Size","width":720,"height":1280},"_position":{"__type__":"cc.Vec2","x":360,"y":640}},{"__type__":"cc.Node","_parent":{"__id__":2},"_prefab":{"__type__":"cc.PrefabInfo","root":{"__id__":3},"asset":{"__uuid__":"3bIOngeB5KwZ5X1oeEKRcf"},"fileId":"28u3OmfPVNLqPAgAgaOwyC","sync":true},"_name":"bg_effect"},{"__type__":"cc.Node","_name":"hall_top_bg","_parent":{"__id__":2},"_children":[{"__id__":5},{"__id__":6},{"__id__":10}],"_components":[{"__type__":"cc.Sprite","node":{"__id__":4},"_spriteFrame":{"__uuid__":"68htLpFclAVrGopjlvRhU+"}},{"__type__":"cc.Widget","node":{"__id__":4},"_alignFlags":41,"_originalWidth":720}],"_contentSize":{"__type__":"cc.Size","width":720,"height":122},"_position":{"__type__":"cc.Vec2","y":579}},{"__type__":"cc.Node","_name":"head_icon","_parent":{"__id__":4},"_components":[{"__type__":"cc.Sprite","node":{"__id__":5},"_spriteFrame":{"__uuid__":"3cDW7SDItGHawFHAAb6MYY"}},{"__type__":"cc.Button","node":{"__id__":5},"clickEvents":[{"__type__":"cc.ClickEvent","target":{"__id__":2},"component":"HallScene","handler":"onClickHead"}],"_N$target":{"__id__":5}},{"__type__":"cc.Widget","node":{"__id__":5},"_alignFlags":8,"_left":21}],"_contentSize":{"__type__":"cc.Size","width":90,"height":90},"_position":{"__type__":"cc.Vec2","x":-294}},{"__type__":"cc.Node","_name":"coin_bg","_parent":{"__id__":4},"_children":[{"__id__":7},{"__id__":8}],"_components":[{"__type__":"cc.Sprite","node":{"__id__":6},"_spriteFrame":{"__uuid__":"69ipk8tN5CR407qi6B5/FY"},"_type":1,"_sizeMode":0},{"__type__":"cc.Button","node":{"__id__":6},"transition":3,"zoomScale":1.1,"clickEvents":[{"__type__":"cc.ClickEvent","target":{"__id__":2},"component":"HallScene","handler":"onClickCharge"}],"_N$target":{"__id__":6}},{"__type__":"cc.Widget","node":{"__id__":6},"_alignFlags":8,"_left":129}],"_contentSize":{"__type__":"cc.Size","width":250,"height":52},"_position":{"__type__":"cc.Vec2","x":-106,"y":-18}},{"__type__":"cc.Node","_name":"coin_icon","_parent":{"__id__":6},"_components":[{"__type__":"cc.Sprite","node":{"__id__":7},"_spriteFrame":{"__uuid__":"cb5rVj86FCK7af+wvssbCP"}}],"_contentSize":{"__type__":"cc.Size","width":32,"height":32},"_position":{"__type__":"cc.Vec2","x":-100,"y":-2}},{"__type__":"cc.Node","_name":"coin_num","_parent":{"__id__":6},"_components":[{"__id__":9}],"_contentSize":{"__type__":"cc.Size","width":47,"height":24},"_position":{"__type__":"cc.Vec2","x":-2}},{"__type__":"33366L8b2xN67F56E96bR/N","node":{"__id__":8},"_useOriginalSize":false,"_actualFontSize":24,"_fontSize":24,"_lineHeight":24,"_N$horizontalAlign":1,"_N$verticalAlign":1,"_string":"0.00","_N$textKey":""},{"__type__":"cc.Node","_name":"player_name","_parent":{"__id__":4},"_components":[{"__id__":11},{"__type__":"cc.Widget","node":{"__id__":10},"_alignFlags":8,"_left":136}],"_anchorPoint":{"__type__":"cc.Vec2","y":0.5},"_contentSize":{"__type__":"cc.Size","height":24},"_position":{"__type__":"cc.Vec2","x":-224,"y":29}},{"__type__":"33366L8b2xN67F56E96bR/N","node":{"__id__":10},"_useOriginalSize":false,"_actualFontSize":24,"_fontSize":24,"_lineHeight":24,"_N$horizontalAlign":1,"_N$verticalAlign":1,"_N$textKey":""},{"__type__":"cc.Node","_name":"hall_list_bg","_parent":{"__id__":2},"_children":[{"__id__":13}],"_components":[{"__type__":"cc.Sprite","node":{"__id__":12},"_spriteFrame":{"__uuid__":"629N+A0uxBY7mePsdRM4uN"},"_type":1},{"__type__":"cc.Widget","node":{"__id__":12},"_alignFlags":40,"_originalWidth":720}],"_contentSize":{"__type__":"cc.Size","width":720,"height":1016}},{"__type__":"cc.Node","_name":"room_scroll","_parent":{"__id__":12},"_children":[{"__id__":14}],"_components":[{"__type__":"cc.ScrollView","node":{"__id__":13},"content":{"__id__":15},"horizontal":false,"brake":0.75,"bounceDuration":0.23,"_N$horizontalScrollBar":null,"_N$verticalScrollBar":null},{"__type__":"cc.Widget","node":{"__id__":13},"_alignFlags":40,"_originalWidth":720}],"_contentSize":{"__type__":"cc.Size","width":720,"height":980}},{"__type__":"cc.Node","_name":"view","_parent":{"__id__":13},"_children":[{"__id__":15}],"_components":[{"__type__":"cc.Mask","node":{"__id__":14}},{"__type__":"cc.Widget","node":{"__id__":14},"_alignFlags":45,"_originalWidth":240,"_originalHeight":250}],"_contentSize":{"__type__":"cc.Size","width":720,"height":980}},{"__type__":"cc.Node","_name":"content","_parent":{"__id__":14},"_components":[{"__type__":"cc.Layout","node":{"__id__":15},"_layoutSize":{"__type__":"cc.Size","width":720,"height":188},"_resize":1,"_N$layoutType":2,"_N$paddingTop":24,"_N$spacingY":6},{"__type__":"cc.Widget","node":{"__id__":15},"_alignFlags":41,"_originalWidth":220}],"_anchorPoint":{"__type__":"cc.Vec2","x":0.5,"y":1},"_contentSize":{"__type__":"cc.Size","width":720,"height":188},"_position":{"__type__":"cc.Vec2","y":490}},{"__type__":"cc.Node","_name":"hall_bottom_bg","_parent":{"__id__":2},"_children":[{"__id__":17},{"__id__":19},{"__id__":20}],"_components":[{"__type__":"cc.Sprite","node":{"__id__":16},"_spriteFrame":{"__uuid__":"a9fj+p1oFM2aY5OVcdBu+n"}},{"__type__":"cc.Widget","node":{"__id__":16},"_alignFlags":44,"_originalWidth":720}],"_contentSize":{"__type__":"cc.Size","width":720,"height":124},"_position":{"__type__":"cc.Vec2","y":-578}},{"__type__":"cc.Node","_name":"btn_create","_parent":{"__id__":16},"_children":[{"__id__":18}],"_components":[{"__type__":"cc.Sprite","node":{"__id__":17},"_spriteFrame":{"__uuid__":"8enDtdm85I07+skqCrU3pJ"},"_type":1,"_sizeMode":0},{"__type__":"cc.Button","node":{"__id__":17},"transition":3,"zoomScale":1.1,"clickEvents":[{"__type__":"cc.ClickEvent","target":{"__id__":2},"component":"HallScene","handler":"onClickCreate"}],"_N$target":{"__id__":17}}],"_contentSize":{"__type__":"cc.Size","width":200,"height":82}},{"__type__":"cc.Node","_name":"New Label","_parent":{"__id__":17},"_components":[{"__type__":"33366L8b2xN67F56E96bR/N","node":{"__id__":18},"_useOriginalSize":false,"_actualFontSize":100,"_fontSize":100,"_lineHeight":60,"_N$horizontalAlign":1,"_N$verticalAlign":1,"_string":"+","_N$textKey":""}],"_color":{"__type__":"cc.Color","r":31,"g":255,"b":163},"_contentSize":{"__type__":"cc.Size","width":58,"height":60}},{"__type__":"cc.Node","_name":"btn_next","_parent":{"__id__":16},"_components":[{"__type__":"cc.Sprite","node":{"__id__":19},"_spriteFrame":{"__uuid__":"3fOepK9eFOAbCcgONYssFJ"}},{"__type__":"cc.Button","node":{"__id__":19},"transition":3,"zoomScale":1.1,"clickEvents":[{"__type__":"cc.ClickEvent","target":{"__id__":2},"component":"HallScene","handler":"onClickNextPage"}],"_N$target":{"__id__":19}},{"__type__":"cc.Widget","node":{"__id__":19},"_alignFlags":32,"_right":52.5}],"_contentSize":{"__type__":"cc.Size","width":55,"height":70},"_scaleX":-1,"_scaleY":-1,"_position":{"__type__":"cc.Vec2","x":280}},{"__type__":"cc.Node","_name":"btn_pre","_parent":{"__id__":16},"_components":[{"__type__":"cc.Sprite","node":{"__id__":20},"_spriteFrame":{"__uuid__":"3fOepK9eFOAbCcgONYssFJ"}},{"__type__":"cc.Button","node":{"__id__":20},"transition":3,"zoomScale":1.1,"clickEvents":[{"__type__":"cc.ClickEvent","target":{"__id__":2},"component":"HallScene","handler":"onClickPrePage"}],"_N$target":{"__id__":20}},{"__type__":"cc.Widget","node":{"__id__":20},"_alignFlags":8,"_left":52.5}],"_contentSize":{"__type__":"cc.Size","width":55,"height":70},"_position":{"__type__":"cc.Vec2","x":-280}}]