[{"__type__":"cc.Prefab","_name":"room_item","data":{"__id__":1}},{"__type__":"cc.Node","_name":"item_node","_children":[{"__id__":2},{"__id__":4},{"__id__":5},{"__id__":6},{"__id__":8},{"__id__":10},{"__id__":11},{"__id__":13},{"__id__":16}],"_components":[{"__type__":"cc.Sprite","node":{"__id__":1},"_spriteFrame":{"__uuid__":"09SMlZMVNH9qiYjed1n0Ho"},"_type":1,"_sizeMode":0},{"__type__":"66acci7Ou9BdIEi8v0htwwb","node":{"__id__":1},"roomName":{"__id__":7},"ownerName":{"__id__":12},"peopleNum":{"__id__":15},"betNum":{"__id__":18},"diceSpr":{"__id__":9},"headIcon":{"__id__":3}},{"__type__":"cc.Button","node":{"__id__":1},"transition":2,"clickEvents":[{"__type__":"cc.ClickEvent","target":{"__id__":1},"component":"RoomItem","handler":"onClickItem"}],"_N$normalSprite":{"__uuid__":"09SMlZMVNH9qiYjed1n0Ho"},"_N$pressedSprite":{"__uuid__":"60tmR81XNAZ4enKWEXHvGC"},"pressedSprite":{"__uuid__":"60tmR81XNAZ4enKWEXHvGC"},"_N$target":{"__id__":1}},{"__type__":"cc.Widget","node":{"__id__":1},"_alignFlags":40,"_left":30,"_right":30,"_originalWidth":660}],"_prefab":{"__type__":"cc.PrefabInfo","root":{"__id__":1},"asset":{"__uuid__":"ca5nprQuVN2YiKFH29vEsS"},"fileId":"818t4gggNAsLXEl3vk28Qn"},"_contentSize":{"__type__":"cc.Size","width":660,"height":164},"_position":{"__type__":"cc.Vec2","x":360,"y":-107}},{"__type__":"cc.Node","_name":"head_icon","_parent":{"__id__":1},"_components":[{"__id__":3},{"__type__":"cc.Widget","node":{"__id__":2},"_alignFlags":8,"_left":40}],"_prefab":{"__type__":"cc.PrefabInfo","root":{"__id__":1},"asset":{"__uuid__":"ca5nprQuVN2YiKFH29vEsS"},"fileId":"c39QhEqEBOzJDHN6jMJbuY"},"_contentSize":{"__type__":"cc.Size","width":90,"height":90},"_position":{"__type__":"cc.Vec2","x":-245}},{"__type__":"cc.Sprite","node":{"__id__":2},"_spriteFrame":{"__uuid__":"3cDW7SDItGHawFHAAb6MYY"}},{"__type__":"cc.Node","_name":"head_border","_parent":{"__id__":1},"_components":[{"__type__":"cc.Sprite","node":{"__id__":4},"_spriteFrame":{"__uuid__":"ceczTc6zFBFbEzJqnVRuBO"}},{"__type__":"cc.Widget","node":{"__id__":4},"_alignFlags":8,"_left":32.5}],"_prefab":{"__type__":"cc.PrefabInfo","root":{"__id__":1},"asset":{"__uuid__":"ca5nprQuVN2YiKFH29vEsS"},"fileId":"79ub9Xa8VG5r5OA9ilsHqp"},"_contentSize":{"__type__":"cc.Size","width":105,"height":105},"_position":{"__type__":"cc.Vec2","x":-245}},{"__type__":"cc.Node","_name":"least_tip","_parent":{"__id__":1},"_components":[{"__type__":"cc.Sprite","node":{"__id__":5},"_spriteFrame":{"__uuid__":"c86r0PhyVG6a4OrPAaTsjo"},"_sizeMode":0}],"_prefab":{"__type__":"cc.PrefabInfo","root":{"__id__":1},"asset":{"__uuid__":"ca5nprQuVN2YiKFH29vEsS"},"fileId":"293NPZFfRM95VmDHYDTEL7"},"_contentSize":{"__type__":"cc.Size","width":50,"height":41},"_position":{"__type__":"cc.Vec2","x":-153,"y":45}},{"__type__":"cc.Node","_name":"room_name","_parent":{"__id__":1},"_components":[{"__id__":7},{"__type__":"cc.Widget","node":{"__id__":6},"_alignFlags":8,"_left":209}],"_prefab":{"__type__":"cc.PrefabInfo","root":{"__id__":1},"asset":{"__uuid__":"ca5nprQuVN2YiKFH29vEsS"},"fileId":"9aXVWTe3xCXq/o1Hu2Flta"},"_color":{"__type__":"cc.Color","r":252,"g":224,"b":67},"_anchorPoint":{"__type__":"cc.Vec2","y":0.5},"_contentSize":{"__type__":"cc.Size","width":80,"height":28},"_position":{"__type__":"cc.Vec2","x":-121,"y":41}},{"__type__":"33366L8b2xN67F56E96bR/N","node":{"__id__":6},"_useOriginalSize":false,"_actualFontSize":28,"_fontSize":28,"_lineHeight":28,"_N$string":"房主:","_N$horizontalAlign":1,"_N$verticalAlign":1,"_N$overflow":2,"_N$textKey":""},{"__type__":"cc.Node","_name":"dice_icon","_parent":{"__id__":1},"_components":[{"__id__":9},{"__type__":"cc.Widget","node":{"__id__":8},"_alignFlags":8,"_left":152}],"_prefab":{"__type__":"cc.PrefabInfo","root":{"__id__":1},"asset":{"__uuid__":"ca5nprQuVN2YiKFH29vEsS"},"fileId":"0fJTef8iFH/Y73bzvYr418"},"_anchorPoint":{"__type__":"cc.Vec2","y":0.5},"_contentSize":{"__type__":"cc.Size","width":123,"height":46},"_position":{"__type__":"cc.Vec2","x":-178,"y":-48}},{"__type__":"cc.Sprite","node":{"__id__":8},"_spriteFrame":{"__uuid__":"e3MQnwFbBPOp9aDE90Z/SI"}},{"__type__":"cc.Node","_name":"owner_tip","_parent":{"__id__":1},"_components":[{"__type__":"33366L8b2xN67F56E96bR/N","node":{"__id__":10},"_useOriginalSize":false,"_actualFontSize":24,"_fontSize":28,"_lineHeight":28,"_N$string":"房主:","_N$horizontalAlign":1,"_N$verticalAlign":1,"_N$overflow":2,"_N$textKey":"RoomItem_1"},{"__type__":"cc.Widget","node":{"__id__":10},"_alignFlags":8,"_left":157}],"_prefab":{"__type__":"cc.PrefabInfo","root":{"__id__":1},"asset":{"__uuid__":"ca5nprQuVN2YiKFH29vEsS"},"fileId":"a9wcUjC6xP4rOBP6iVkk4t"},"_color":{"__type__":"cc.Color","r":252,"g":224,"b":67},"_contentSize":{"__type__":"cc.Size","width":80,"height":28},"_position":{"__type__":"cc.Vec2","x":-133,"y":4}},{"__type__":"cc.Node","_name":"owner_name","_parent":{"__id__":1},"_components":[{"__id__":12},{"__type__":"cc.Widget","node":{"__id__":11},"_alignFlags":8,"_left":240}],"_prefab":{"__type__":"cc.PrefabInfo","root":{"__id__":1},"asset":{"__uuid__":"ca5nprQuVN2YiKFH29vEsS"},"fileId":"b67HeumOVKzq/qGJOXey92"},"_color":{"__type__":"cc.Color","r":252,"g":255,"b":255},"_anchorPoint":{"__type__":"cc.Vec2","y":0.5},"_contentSize":{"__type__":"cc.Size","height":20},"_position":{"__type__":"cc.Vec2","x":-90,"y":4}},{"__type__":"33366L8b2xN67F56E96bR/N","node":{"__id__":11},"_useOriginalSize":false,"_actualFontSize":20,"_fontSize":20,"_lineHeight":20,"_N$string":"房主昵称","_N$horizontalAlign":1,"_N$verticalAlign":1,"_N$textKey":""},{"__type__":"cc.Node","_name":"num_tip","_parent":{"__id__":1},"_children":[{"__id__":14}],"_components":[{"__type__":"cc.Sprite","node":{"__id__":13},"_spriteFrame":{"__uuid__":"162VjxERhF75U4W4WDiO7E"}},{"__type__":"cc.Widget","node":{"__id__":13},"_alignFlags":32,"_right":125.5}],"_prefab":{"__type__":"cc.PrefabInfo","root":{"__id__":1},"asset":{"__uuid__":"ca5nprQuVN2YiKFH29vEsS"},"fileId":"29cfgoMnRN4r+lhxlXINGp"},"_contentSize":{"__type__":"cc.Size","width":21,"height":26},"_position":{"__type__":"cc.Vec2","x":194,"y":-15}},{"__type__":"cc.Node","_name":"people_num","_parent":{"__id__":13},"_components":[{"__id__":15}],"_prefab":{"__type__":"cc.PrefabInfo","root":{"__id__":1},"asset":{"__uuid__":"ca5nprQuVN2YiKFH29vEsS"},"fileId":"06rXWc5idIwZA37/AofCSu"},"_color":{"__type__":"cc.Color","r":252,"g":255,"b":255},"_contentSize":{"__type__":"cc.Size","height":28},"_position":{"__type__":"cc.Vec2","x":66}},{"__type__":"33366L8b2xN67F56E96bR/N","node":{"__id__":14},"_useOriginalSize":false,"_actualFontSize":28,"_fontSize":28,"_lineHeight":28,"_N$string":"0","_N$horizontalAlign":1,"_N$verticalAlign":1,"_N$textKey":""},{"__type__":"cc.Node","_name":"need_tip","_parent":{"__id__":1},"_children":[{"__id__":17}],"_components":[{"__type__":"cc.Sprite","node":{"__id__":16},"_spriteFrame":{"__uuid__":"cb5rVj86FCK7af+wvssbCP"}},{"__type__":"cc.Widget","node":{"__id__":16},"_alignFlags":32,"_right":120}],"_prefab":{"__type__":"cc.PrefabInfo","root":{"__id__":1},"asset":{"__uuid__":"ca5nprQuVN2YiKFH29vEsS"},"fileId":"24ZbNiAD1Ml4hMIN4osqoh"},"_contentSize":{"__type__":"cc.Size","width":32,"height":32},"_position":{"__type__":"cc.Vec2","x":194,"y":-52}},{"__type__":"cc.Node","_name":"need_num","_parent":{"__id__":16},"_components":[{"__id__":18}],"_prefab":{"__type__":"cc.PrefabInfo","root":{"__id__":1},"asset":{"__uuid__":"ca5nprQuVN2YiKFH29vEsS"},"fileId":"faAOoY30hH6LZPTn/8ZsbX"},"_color":{"__type__":"cc.Color","r":252,"g":255,"b":255},"_contentSize":{"__type__":"cc.Size","height":28},"_position":{"__type__":"cc.Vec2","x":66}},{"__type__":"33366L8b2xN67F56E96bR/N","node":{"__id__":17},"_useOriginalSize":false,"_actualFontSize":28,"_fontSize":28,"_lineHeight":28,"_N$string":"100","_N$horizontalAlign":1,"_N$verticalAlign":1,"_N$textKey":""}]