[{"__type__":"cc.Prefab","_name":"bg_effect","data":{"__id__":1}},{"__type__":"cc.Node","_name":"bg_effect","_children":[{"__id__":2},{"__id__":3}],"_components":[{"__type__":"cc.Sprite","node":{"__id__":1},"_spriteFrame":{"__uuid__":"a1MBlYxlJCfbr+NLafyUtI"},"_sizeMode":0},{"__type__":"cc.Widget","node":{"__id__":1},"alignMode":2,"_alignFlags":45,"_originalWidth":720,"_originalHeight":1280},{"__type__":"b150euYBQhPmZ8ZTfySpr7m","node":{"__id__":1},"maskNode":{"__id__":3}}],"_prefab":{"__type__":"cc.PrefabInfo","root":{"__id__":1},"asset":{"__uuid__":"3bIOngeB5KwZ5X1oeEKRcf"},"fileId":"28u3OmfPVNLqPAgAgaOwyC"},"_contentSize":{"__type__":"cc.Size","width":720,"height":1280},"_position":{"__type__":"cc.Vec2","x":360,"y":640}},{"__type__":"cc.Node","_name":"bg_net","_objFlags":512,"_parent":{"__id__":1},"_active":false,"_components":[{"__type__":"cc.Sprite","node":{"__id__":2},"_spriteFrame":{"__uuid__":"312/p/U+lHSaYq87QLGiTI"}},{"__type__":"cc.Widget","node":{"__id__":2},"alignMode":2,"_target":{"__id__":1},"_alignFlags":45,"_originalWidth":720,"_originalHeight":1280}],"_prefab":{"__type__":"cc.PrefabInfo","root":{"__id__":1},"asset":{"__uuid__":"3bIOngeB5KwZ5X1oeEKRcf"},"fileId":"belIuqggNOrayRE0ifnRl1"},"_opacity":0,"_contentSize":{"__type__":"cc.Size","width":720,"height":1280}},{"__type__":"cc.Node","_name":"mask_node","_objFlags":512,"_parent":{"__id__":1},"_children":[{"__id__":4}],"_active":false,"_components":[{"__type__":"cc.Mask","node":{"__id__":3},"_type":2,"_N$spriteFrame":{"__uuid__":"f3fBF6lIBMQbkTnHbmDoBy"}},{"__type__":"cc.Widget","node":{"__id__":3},"alignMode":2,"_alignFlags":40,"_left":-2.353672812205332e-14,"_right":8.000000000000025,"_originalWidth":720}],"_prefab":{"__type__":"cc.PrefabInfo","root":{"__id__":1},"asset":{"__uuid__":"3bIOngeB5KwZ5X1oeEKRcf"},"fileId":"c24hFVUO1OErgoygOO/Lzg"},"_contentSize":{"__type__":"cc.Size","width":712,"height":173},"_position":{"__type__":"cc.Vec2","x":-4,"y":266}},{"__type__":"cc.Node","_name":"bg_line","_parent":{"__id__":3},"_components":[{"__type__":"cc.Sprite","node":{"__id__":4},"_spriteFrame":{"__uuid__":"f3fBF6lIBMQbkTnHbmDoBy"},"_sizeMode":0,"_srcBlendFactor":774}],"_prefab":{"__type__":"cc.PrefabInfo","root":{"__id__":1},"asset":{"__uuid__":"3bIOngeB5KwZ5X1oeEKRcf"},"fileId":"47/uadJzhKpKJCkHqhub4C"},"_opacity":39,"_contentSize":{"__type__":"cc.Size","width":720,"height":192},"_position":{"__type__":"cc.Vec2","x":1}}]