[{"__type__":"cc.SceneAsset","_name":"login_scene","scene":{"__id__":1},"asyncLoadAssets":null},{"__type__":"cc.Scene","_name":"New Node","_children":[{"__id__":2},{"__id__":35}],"_anchorPoint":{"__type__":"cc.Vec2"},"autoReleaseAssets":false},{"__type__":"cc.Node","_name":"Canvas","_parent":{"__id__":1},"_children":[{"__id__":3},{"__id__":4},{"__id__":5},{"__id__":9},{"__id__":13},{"__id__":17},{"__id__":19},{"__id__":30},{"__id__":32},{"__id__":34}],"_components":[{"__type__":"cc.Canvas","node":{"__id__":2},"_designResolution":{"__type__":"cc.Size","width":720,"height":1280}},{"__type__":"9a76abiW6NPEqeN+qObFLth","node":{"__id__":2},"serverInput":{"__id__":8},"nameInput":{"__id__":12},"passInput":{"__id__":16}}],"_id":"3clfb3VyhBH6VIs9wX0tcY","_contentSize":{"__type__":"cc.Size","width":720,"height":1280},"_position":{"__type__":"cc.Vec2","x":360,"y":640}},{"__type__":"cc.Node","_parent":{"__id__":2},"_prefab":{"__type__":"cc.PrefabInfo","root":{"__id__":3},"asset":{"__uuid__":"3bIOngeB5KwZ5X1oeEKRcf"},"fileId":"28u3OmfPVNLqPAgAgaOwyC","sync":true},"_name":"bg_effect"},{"__type__":"cc.Node","_name":"login_particle","_parent":{"__id__":2},"_components":[{"__type__":"cc.ParticleSystem","node":{"__id__":4},"_file":{"__uuid__":"6fP+3WFnFMg4fjiVu8Kizu"},"_texture":{"__uuid__":"21YCY/MdhFXow+NfeR/nBU"},"_srcBlendFactor":1,"_dstBlendFactor":1,"_totalParticles":100,"_emissionRate":12.5,"_life":8,"_lifeVar":2,"_startColor":{"__type__":"cc.Color","r":7,"g":253,"b":253},"_startColorVar":{"__type__":"cc.Color","r":31,"g":35,"b":36,"a":67},"_endColor":{"__type__":"cc.Color","r":62,"g":168,"b":209},"_endColorVar":{"__type__":"cc.Color","a":96},"_angleVar":0,"_startSize":6,"_startSizeVar":3,"_endSize":4,"_endSizeVar":1,"_posVar":{"__type__":"cc.Vec2","x":200},"_gravity":{"__type__":"cc.Vec2","y":-5},"_speed":-15,"_speedVar":5,"_tangentialAccel":0},{"__type__":"cc.Widget","node":{"__id__":4},"_alignFlags":1,"_top":110}],"_position":{"__type__":"cc.Vec2","y":530}},{"__type__":"cc.Node","_name":"input_server","_parent":{"__id__":2},"_children":[{"__id__":6},{"__id__":7}],"_components":[{"__type__":"cc.Sprite","node":{"__id__":5},"_spriteFrame":{"__uuid__":"f6dlY2sRNNXZjSenwgdB+K"},"_type":1,"_sizeMode":0},{"__type__":"cc.Widget","node":{"__id__":5},"_bottom":764}],"_contentSize":{"__type__":"cc.Size","width":650,"height":140},"_position":{"__type__":"cc.Vec2","y":194}},{"__type__":"cc.Node","_name":"input_tip","_parent":{"__id__":5},"_components":[{"__type__":"33366L8b2xN67F56E96bR/N","node":{"__id__":6},"_useOriginalSize":false,"_actualFontSize":36,"_fontSize":36,"_N$horizontalAlign":1,"_N$verticalAlign":1,"_N$overflow":2,"_N$textKey":"LoginScene_1"}],"_color":{"__type__":"cc.Color","r":38,"g":181,"b":241},"_contentSize":{"__type__":"cc.Size","width":120,"height":40},"_position":{"__type__":"cc.Vec2","x":-231}},{"__type__":"cc.Node","_name":"input_box","_parent":{"__id__":5},"_components":[{"__id__":8}],"_contentSize":{"__type__":"cc.Size","width":430,"height":60},"_position":{"__type__":"cc.Vec2","x":49}},{"__type__":"a0a1aK70nxAYIETevnKncbu","node":{"__id__":7},"_useOriginalSize":false,"editingDidEnded":[{"__type__":"cc.ClickEvent","target":{"__id__":2},"component":"LoginScene","handler":"onServerEditFinish"}],"_N$backgroundImage":{"__uuid__":"dbtDeYo4BLlY0pCQuOB+jZ"},"_N$inputMode":6,"_N$fontSize":32,"_N$fontColor":{"__type__":"cc.Color","r":38,"g":181,"b":241},"_N$placeholder":"eg:xx.xx.xx.xx:xx","_N$placeholderFontSize":32,"_N$maxLength":100,"_N$textKey":"EditLogin_1"},{"__type__":"cc.Node","_name":"input_name","_parent":{"__id__":2},"_children":[{"__id__":10},{"__id__":11}],"_components":[{"__type__":"cc.Sprite","node":{"__id__":9},"_spriteFrame":{"__uuid__":"f6dlY2sRNNXZjSenwgdB+K"},"_type":1,"_sizeMode":0},{"__type__":"cc.Widget","node":{"__id__":9},"_bottom":600}],"_contentSize":{"__type__":"cc.Size","width":650,"height":140},"_position":{"__type__":"cc.Vec2","y":30}},{"__type__":"cc.Node","_name":"input_tip","_parent":{"__id__":9},"_components":[{"__type__":"33366L8b2xN67F56E96bR/N","node":{"__id__":10},"_useOriginalSize":false,"_actualFontSize":30,"_fontSize":36,"_N$horizontalAlign":1,"_N$verticalAlign":1,"_N$overflow":2,"_N$textKey":"LoginScene_2"}],"_color":{"__type__":"cc.Color","r":38,"g":181,"b":241},"_contentSize":{"__type__":"cc.Size","width":120,"height":40},"_position":{"__type__":"cc.Vec2","x":-231}},{"__type__":"cc.Node","_name":"input_box","_parent":{"__id__":9},"_components":[{"__id__":12}],"_contentSize":{"__type__":"cc.Size","width":430,"height":60},"_position":{"__type__":"cc.Vec2","x":49}},{"__type__":"a0a1aK70nxAYIETevnKncbu","node":{"__id__":11},"_useOriginalSize":false,"_N$backgroundImage":{"__uuid__":"dbtDeYo4BLlY0pCQuOB+jZ"},"_N$inputMode":6,"_N$fontSize":32,"_N$fontColor":{"__type__":"cc.Color","r":38,"g":181,"b":241},"_N$placeholder":"请输入您的账号","_N$placeholderFontSize":32,"_N$maxLength":60,"_N$textKey":"EditLogin_2"},{"__type__":"cc.Node","_name":"input_pass","_parent":{"__id__":2},"_children":[{"__id__":14},{"__id__":15}],"_components":[{"__type__":"cc.Sprite","node":{"__id__":13},"_spriteFrame":{"__uuid__":"f6dlY2sRNNXZjSenwgdB+K"},"_type":1,"_sizeMode":0},{"__type__":"cc.Widget","node":{"__id__":13},"_bottom":436}],"_contentSize":{"__type__":"cc.Size","width":650,"height":140},"_position":{"__type__":"cc.Vec2","y":-134}},{"__type__":"cc.Node","_name":"input_tip","_parent":{"__id__":13},"_components":[{"__type__":"33366L8b2xN67F56E96bR/N","node":{"__id__":14},"_useOriginalSize":false,"_actualFontSize":25,"_fontSize":36,"_N$horizontalAlign":1,"_N$verticalAlign":1,"_N$overflow":2,"_N$textKey":"LoginScene_3"}],"_color":{"__type__":"cc.Color","r":38,"g":181,"b":241},"_contentSize":{"__type__":"cc.Size","width":120,"height":40},"_position":{"__type__":"cc.Vec2","x":-231}},{"__type__":"cc.Node","_name":"input_box","_parent":{"__id__":13},"_components":[{"__id__":16}],"_contentSize":{"__type__":"cc.Size","width":430,"height":60},"_position":{"__type__":"cc.Vec2","x":49}},{"__type__":"a0a1aK70nxAYIETevnKncbu","node":{"__id__":15},"_useOriginalSize":false,"_N$backgroundImage":{"__uuid__":"dbtDeYo4BLlY0pCQuOB+jZ"},"_N$inputFlag":0,"_N$inputMode":6,"_N$fontSize":32,"_N$fontColor":{"__type__":"cc.Color","r":38,"g":181,"b":241},"_N$placeholder":"请输入您的密码","_N$placeholderFontSize":32,"_N$maxLength":50,"_N$textKey":"EditLogin_3"},{"__type__":"cc.Node","_name":"btn_login","_parent":{"__id__":2},"_children":[{"__id__":18}],"_components":[{"__type__":"cc.Sprite","node":{"__id__":17},"_spriteFrame":{"__uuid__":"44B/7Ey31ABKuAtA2k0gSw"},"_type":1,"_sizeMode":0},{"__type__":"cc.Button","node":{"__id__":17},"transition":3,"zoomScale":1.1,"clickEvents":[{"__type__":"cc.ClickEvent","target":{"__id__":2},"component":"LoginScene","handler":"onClickLogin"}],"_N$target":{"__id__":17}},{"__type__":"cc.Widget","node":{"__id__":17},"_bottom":299}],"_contentSize":{"__type__":"cc.Size","width":458,"height":102},"_position":{"__type__":"cc.Vec2","y":-290}},{"__type__":"cc.Node","_name":"New Node","_parent":{"__id__":17},"_components":[{"__type__":"33366L8b2xN67F56E96bR/N","node":{"__id__":18},"_useOriginalSize":false,"_lineHeight":45,"_N$textKey":"LoginScene_4"}],"_contentSize":{"__type__":"cc.Size","width":98,"height":45}},{"__type__":"cc.Node","_name":"language_scroll","_parent":{"__id__":2},"_children":[{"__id__":20}],"_components":[{"__type__":"cc.ScrollView","node":{"__id__":19},"content":{"__id__":21},"vertical":false,"brake":0.75,"bounceDuration":0.23,"_N$horizontalScrollBar":null,"_N$verticalScrollBar":null},{"__type__":"cc.Widget","node":{"__id__":19},"_bottom":190}],"_color":{"__type__":"cc.Color","r":184,"g":184,"b":184},"_contentSize":{"__type__":"cc.Size","width":600,"height":100},"_position":{"__type__":"cc.Vec2","y":-400}},{"__type__":"cc.Node","_name":"view","_parent":{"__id__":19},"_children":[{"__id__":21}],"_components":[{"__type__":"cc.Mask","node":{"__id__":20}},{"__type__":"cc.Widget","node":{"__id__":20},"_alignFlags":45,"_originalWidth":240,"_originalHeight":250}],"_contentSize":{"__type__":"cc.Size","width":600,"height":100}},{"__type__":"cc.Node","_name":"content","_parent":{"__id__":20},"_children":[{"__id__":22},{"__id__":24},{"__id__":26},{"__id__":28}],"_components":[{"__type__":"cc.Widget","node":{"__id__":21},"_alignFlags":21,"_originalHeight":400},{"__type__":"cc.Layout","node":{"__id__":21},"_layoutSize":{"__type__":"cc.Size","width":600,"height":100},"_resize":1,"_N$layoutType":1,"_N$spacingX":40}],"_contentSize":{"__type__":"cc.Size","width":600,"height":100}},{"__type__":"cc.Node","_name":"btn_language","_parent":{"__id__":21},"_children":[{"__id__":23}],"_components":[{"__type__":"cc.Sprite","node":{"__id__":22},"_spriteFrame":{"__uuid__":"8enDtdm85I07+skqCrU3pJ"},"_type":1,"_sizeMode":0},{"__type__":"cc.Button","node":{"__id__":22},"transition":3,"zoomScale":1.1,"clickEvents":[{"__type__":"cc.ClickEvent","target":{"__id__":2},"component":"LoginScene","handler":"onClickChangeLanguage","customEventData":"en"}],"_N$target":{"__id__":22}}],"_contentSize":{"__type__":"cc.Size","width":120,"height":82},"_position":{"__type__":"cc.Vec2","x":-240}},{"__type__":"cc.Node","_name":"text","_parent":{"__id__":22},"_components":[{"__type__":"cc.Label","node":{"__id__":23},"_useOriginalSize":false,"_actualFontSize":30,"_N$string":"English","_N$horizontalAlign":1,"_N$verticalAlign":1,"_N$overflow":2}],"_contentSize":{"__type__":"cc.Size","width":100,"height":40}},{"__type__":"cc.Node","_name":"btn_language","_parent":{"__id__":21},"_children":[{"__id__":25}],"_components":[{"__type__":"cc.Sprite","node":{"__id__":24},"_spriteFrame":{"__uuid__":"8enDtdm85I07+skqCrU3pJ"},"_type":1,"_sizeMode":0},{"__type__":"cc.Button","node":{"__id__":24},"transition":3,"zoomScale":1.1,"clickEvents":[{"__type__":"cc.ClickEvent","target":{"__id__":2},"component":"LoginScene","handler":"onClickChangeLanguage","customEventData":"zh"}],"_N$target":{"__id__":24}}],"_contentSize":{"__type__":"cc.Size","width":120,"height":82},"_position":{"__type__":"cc.Vec2","x":-80}},{"__type__":"cc.Node","_name":"text","_parent":{"__id__":24},"_components":[{"__type__":"cc.Label","node":{"__id__":25},"_useOriginalSize":false,"_N$string":"中文","_N$horizontalAlign":1,"_N$verticalAlign":1,"_N$overflow":2}],"_contentSize":{"__type__":"cc.Size","width":100,"height":40}},{"__type__":"cc.Node","_name":"btn_language","_parent":{"__id__":21},"_children":[{"__id__":27}],"_components":[{"__type__":"cc.Sprite","node":{"__id__":26},"_spriteFrame":{"__uuid__":"8enDtdm85I07+skqCrU3pJ"},"_type":1,"_sizeMode":0},{"__type__":"cc.Button","node":{"__id__":26},"transition":3,"zoomScale":1.1,"clickEvents":[{"__type__":"cc.ClickEvent","target":{"__id__":2},"component":"LoginScene","handler":"onClickChangeLanguage","customEventData":"ja"}],"_N$target":{"__id__":26}}],"_contentSize":{"__type__":"cc.Size","width":120,"height":82},"_position":{"__type__":"cc.Vec2","x":80}},{"__type__":"cc.Node","_name":"text","_parent":{"__id__":26},"_components":[{"__type__":"cc.Label","node":{"__id__":27},"_useOriginalSize":false,"_actualFontSize":33,"_N$string":"日本語","_N$horizontalAlign":1,"_N$verticalAlign":1,"_N$overflow":2}],"_contentSize":{"__type__":"cc.Size","width":100,"height":40}},{"__type__":"cc.Node","_name":"btn_language","_parent":{"__id__":21},"_children":[{"__id__":29}],"_components":[{"__type__":"cc.Sprite","node":{"__id__":28},"_spriteFrame":{"__uuid__":"8enDtdm85I07+skqCrU3pJ"},"_type":1,"_sizeMode":0},{"__type__":"cc.Button","node":{"__id__":28},"transition":3,"zoomScale":1.1,"clickEvents":[{"__type__":"cc.ClickEvent","target":{"__id__":2},"component":"LoginScene","handler":"onClickChangeLanguage","customEventData":"ko"}],"_N$target":{"__id__":28}}],"_contentSize":{"__type__":"cc.Size","width":120,"height":82},"_position":{"__type__":"cc.Vec2","x":240}},{"__type__":"cc.Node","_name":"text","_parent":{"__id__":28},"_components":[{"__type__":"cc.Label","node":{"__id__":29},"_useOriginalSize":false,"_actualFontSize":38,"_N$string":"한국어","_N$horizontalAlign":1,"_N$verticalAlign":1,"_N$overflow":2}],"_contentSize":{"__type__":"cc.Size","width":100,"height":40}},{"__type__":"cc.Node","_name":"btn_reset","_parent":{"__id__":2},"_children":[{"__id__":31}],"_components":[{"__type__":"cc.Sprite","node":{"__id__":30},"_spriteFrame":{"__uuid__":"8enDtdm85I07+skqCrU3pJ"},"_type":1,"_sizeMode":0},{"__type__":"cc.Button","node":{"__id__":30},"transition":3,"zoomScale":1.1,"clickEvents":[{"__type__":"cc.ClickEvent","target":{"__id__":2},"component":"LoginScene","handler":"onClickReset"}],"_N$target":{"__id__":30}},{"__type__":"cc.Widget","node":{"__id__":30},"_alignFlags":12,"_left":42,"_right":482,"_bottom":18,"_originalWidth":196}],"_contentSize":{"__type__":"cc.Size","width":196,"height":92},"_position":{"__type__":"cc.Vec2","x":-220,"y":-576}},{"__type__":"cc.Node","_name":"New Node","_parent":{"__id__":30},"_components":[{"__type__":"33366L8b2xN67F56E96bR/N","node":{"__id__":31},"_useOriginalSize":false,"_lineHeight":45,"_N$textKey":"LoginScene_6"}],"_contentSize":{"__type__":"cc.Size","width":104,"height":45}},{"__type__":"cc.Node","_name":"btn_register","_parent":{"__id__":2},"_children":[{"__id__":33}],"_components":[{"__type__":"cc.Sprite","node":{"__id__":32},"_spriteFrame":{"__uuid__":"8enDtdm85I07+skqCrU3pJ"},"_type":1,"_sizeMode":0},{"__type__":"cc.Button","node":{"__id__":32},"transition":3,"zoomScale":1.1,"clickEvents":[{"__type__":"cc.ClickEvent","target":{"__id__":2},"component":"LoginScene","handler":"onClickRegister"}],"_N$target":{"__id__":32}},{"__type__":"cc.Widget","node":{"__id__":32},"_alignFlags":36,"_right":42,"_bottom":18}],"_contentSize":{"__type__":"cc.Size","width":196,"height":92},"_position":{"__type__":"cc.Vec2","x":220,"y":-576}},{"__type__":"cc.Node","_name":"New Node","_parent":{"__id__":32},"_components":[{"__type__":"33366L8b2xN67F56E96bR/N","node":{"__id__":33},"_useOriginalSize":false,"_lineHeight":45,"_N$textKey":"LoginScene_5"}],"_contentSize":{"__type__":"cc.Size","width":149,"height":45}},{"__type__":"cc.Node","_name":"login_logo","_parent":{"__id__":2},"_components":[{"__type__":"cc.Sprite","node":{"__id__":34},"_spriteFrame":{"__uuid__":"fbewkBOglLwbBWNjfA9470"}},{"__type__":"cc.Widget","node":{"__id__":34},"_alignFlags":1,"_top":10}],"_contentSize":{"__type__":"cc.Size","width":657,"height":1168},"_position":{"__type__":"cc.Vec2","y":46}},{"__type__":"cc.Node","_name":"persistNode","_objFlags":512,"_parent":{"__id__":1},"_children":[{"__id__":36}],"_components":[{"__type__":"cc.Widget","node":{"__id__":35},"alignMode":2,"_alignFlags":45},{"__type__":"fb70aLl0SBI/pEerdx0g6eu","node":{"__id__":35}},{"__type__":"99e97HmsAJFW53uJYWZlLLh","node":{"__id__":35},"preloadAtlas":[{"__uuid__":"bdERhtT+hAgJKwszFQCmnq"},{"__uuid__":"01kGPlh7lNfK0FtkSm/hNh"}],"tipPre":{"__uuid__":"8fWPpFQRVPBrR7hZvXKIBj"},"dialog":{"__id__":45},"btnAudio":{"__uuid__":"22dqa3JJNL9KGZaUvfhLTh"}}],"_id":"17fxWj3BZIDb45d20G0a5x","_contentSize":{"__type__":"cc.Size","width":720,"height":1280},"_position":{"__type__":"cc.Vec2","x":360,"y":640}},{"__type__":"cc.Node","_name":"dialog","_parent":{"__id__":35},"_children":[{"__id__":37},{"__id__":38}],"_active":false,"_components":[{"__type__":"cc.Widget","node":{"__id__":36},"_alignFlags":45},{"__id__":45}],"_prefab":{"__type__":"cc.PrefabInfo","root":{"__id__":36},"asset":{"__uuid__":"d1pKTuY7NNNYo7kplWg1NZ"},"fileId":"eeJLKA5bFNQqFQ1wgVx973"},"_contentSize":{"__type__":"cc.Size","width":720,"height":1280}},{"__type__":"cc.Node","_name":"mask","_parent":{"__id__":36},"_components":[{"__type__":"cc.Sprite","node":{"__id__":37},"_spriteFrame":{"__uuid__":"0bP79embZA9o41gZiG1S47"},"_type":1,"_sizeMode":0},{"__type__":"cc.Button","node":{"__id__":37},"pressedColor":{"__type__":"cc.Color","r":255,"g":255,"b":255},"_N$normalColor":{"__type__":"cc.Color","r":255,"g":255,"b":255},"_N$disabledColor":{"__type__":"cc.Color","r":255,"g":255,"b":255},"_N$normalSprite":{"__uuid__":"f0BIwQ8D5Ml7nTNQbh1YlS"},"_N$pressedSprite":{"__uuid__":"e97GVMl6JHh5Ml5qEDdSGa"},"pressedSprite":{"__uuid__":"e97GVMl6JHh5Ml5qEDdSGa"},"_N$hoverSprite":{"__uuid__":"e97GVMl6JHh5Ml5qEDdSGa"},"hoverSprite":{"__uuid__":"e97GVMl6JHh5Ml5qEDdSGa"},"_N$disabledSprite":{"__uuid__":"29FYIk+N1GYaeWH/q1NxQO"},"_N$target":{"__id__":37}},{"__type__":"cc.Widget","node":{"__id__":37},"_alignFlags":45,"_originalWidth":100,"_originalHeight":40}],"_prefab":{"__type__":"cc.PrefabInfo","root":{"__id__":36},"asset":{"__uuid__":"d1pKTuY7NNNYo7kplWg1NZ"},"fileId":"c9RsxRRQ5Esrxgc4d4oJ/b"},"_opacity":200,"_color":{"__type__":"cc.Color"},"_contentSize":{"__type__":"cc.Size","width":720,"height":1280}},{"__type__":"cc.Node","_name":"dialog_bg","_parent":{"__id__":36},"_children":[{"__id__":39},{"__id__":41},{"__id__":43}],"_components":[{"__type__":"cc.Sprite","node":{"__id__":38},"_spriteFrame":{"__uuid__":"a26c4jsllCt7C02ycLzv1d"}}],"_prefab":{"__type__":"cc.PrefabInfo","root":{"__id__":36},"asset":{"__uuid__":"d1pKTuY7NNNYo7kplWg1NZ"},"fileId":"b1muaTNWFHh50iWoacQZPZ"},"_contentSize":{"__type__":"cc.Size","width":462,"height":354}},{"__type__":"cc.Node","_name":"tip_label","_parent":{"__id__":38},"_components":[{"__id__":40}],"_prefab":{"__type__":"cc.PrefabInfo","root":{"__id__":36},"asset":{"__uuid__":"d1pKTuY7NNNYo7kplWg1NZ"},"fileId":"23+kfMQhNJA5j4nXG58I3R"},"_contentSize":{"__type__":"cc.Size","width":350,"height":26},"_position":{"__type__":"cc.Vec2","y":50}},{"__type__":"33366L8b2xN67F56E96bR/N","node":{"__id__":39},"_useOriginalSize":false,"_actualFontSize":26,"_fontSize":26,"_lineHeight":26,"_N$horizontalAlign":1,"_N$verticalAlign":1,"_N$overflow":3,"_N$textKey":""},{"__type__":"cc.Node","_name":"btn_cancel","_parent":{"__id__":38},"_children":[{"__id__":42}],"_components":[{"__type__":"cc.Sprite","node":{"__id__":41},"_spriteFrame":{"__uuid__":"44B/7Ey31ABKuAtA2k0gSw"},"_type":1,"_sizeMode":0},{"__type__":"cc.Button","node":{"__id__":41},"transition":3,"zoomScale":1.1,"clickEvents":[{"__type__":"cc.ClickEvent","target":{"__id__":36},"component":"Dialog","handler":"onClickCancel"}],"_N$target":{"__id__":41}}],"_prefab":{"__type__":"cc.PrefabInfo","root":{"__id__":36},"asset":{"__uuid__":"d1pKTuY7NNNYo7kplWg1NZ"},"fileId":"88JN9gidxIrpv+GUJb7xFt"},"_contentSize":{"__type__":"cc.Size","width":142,"height":60},"_position":{"__type__":"cc.Vec2","x":-110,"y":-120}},{"__type__":"cc.Node","_name":"New Node","_parent":{"__id__":41},"_components":[{"__type__":"33366L8b2xN67F56E96bR/N","node":{"__id__":42},"_useOriginalSize":false,"_actualFontSize":30,"_fontSize":30,"_lineHeight":34,"_N$horizontalAlign":1,"_N$overflow":2,"_N$textKey":"Dialog_2"}],"_prefab":{"__type__":"cc.PrefabInfo","root":{"__id__":36},"asset":{"__uuid__":"d1pKTuY7NNNYo7kplWg1NZ"},"fileId":"9eBwYM8xhPlr4GaoSBHiNu"},"_contentSize":{"__type__":"cc.Size","width":110,"height":34}},{"__type__":"cc.Node","_name":"btn_sure","_parent":{"__id__":38},"_children":[{"__id__":44}],"_components":[{"__type__":"cc.Sprite","node":{"__id__":43},"_spriteFrame":{"__uuid__":"8enDtdm85I07+skqCrU3pJ"},"_type":1,"_sizeMode":0},{"__type__":"cc.Button","node":{"__id__":43},"transition":3,"zoomScale":1.1,"clickEvents":[{"__type__":"cc.ClickEvent","target":{"__id__":36},"component":"Dialog","handler":"onClickSure"}],"_N$target":{"__id__":43}}],"_prefab":{"__type__":"cc.PrefabInfo","root":{"__id__":36},"asset":{"__uuid__":"d1pKTuY7NNNYo7kplWg1NZ"},"fileId":"29VG5NDqdOsqq0jhurxTvP"},"_contentSize":{"__type__":"cc.Size","width":142,"height":60},"_position":{"__type__":"cc.Vec2","x":110,"y":-120}},{"__type__":"cc.Node","_name":"New Node","_parent":{"__id__":43},"_components":[{"__type__":"33366L8b2xN67F56E96bR/N","node":{"__id__":44},"_useOriginalSize":false,"_actualFontSize":30,"_fontSize":30,"_lineHeight":34,"_N$horizontalAlign":1,"_N$overflow":2,"_N$textKey":"Dialog_1"}],"_prefab":{"__type__":"cc.PrefabInfo","root":{"__id__":36},"asset":{"__uuid__":"d1pKTuY7NNNYo7kplWg1NZ"},"fileId":"3fRp55uK9OLLFTIZeHfcpX"},"_contentSize":{"__type__":"cc.Size","width":110,"height":34}},{"__type__":"4b60c4edPZH+7g7XtIMNBAF","node":{"__id__":36},"btnSure":{"__id__":43},"btnCancel":{"__id__":41},"tipLabel":{"__id__":40}}]