[{"__type__":"cc.Prefab","_name":"game_dice","data":{"__id__":1}},{"__type__":"cc.Node","_name":"game_dice","_children":[{"__id__":2},{"__id__":13}],"_components":[{"__type__":"9ee64WcUxdAP7+WNJ1awL08","node":{"__id__":1},"diceSpr":[{"__id__":4},{"__id__":6},{"__id__":8},{"__id__":10},{"__id__":12}],"diceParent":{"__id__":2},"diceEffect":{"__id__":13},"diceAudio":{"__uuid__":"40zbBsLJJAs79zUGfk0FlB"}},{"__type__":"cc.Widget","node":{"__id__":1},"_alignFlags":18,"_verticalCenter":-100}],"_prefab":{"__type__":"cc.PrefabInfo","root":{"__id__":1},"asset":{"__uuid__":"dfFsfFgxFOR5sivDqEjecl"},"fileId":"85eoVcYApNBJY+nqR85rw9"},"_position":{"__type__":"cc.Vec2","x":360,"y":540}},{"__type__":"cc.Node","_name":"dice_parent","_parent":{"__id__":1},"_children":[{"__id__":3},{"__id__":5},{"__id__":7},{"__id__":9},{"__id__":11}],"_prefab":{"__type__":"cc.PrefabInfo","root":{"__id__":1},"asset":{"__uuid__":"dfFsfFgxFOR5sivDqEjecl"},"fileId":"18O9jzhLBBu7az9pZwFKZb"},"_contentSize":{"__type__":"cc.Size","width":350,"height":270}},{"__type__":"cc.Node","_name":"dice_spr","_parent":{"__id__":2},"_active":false,"_components":[{"__id__":4}],"_prefab":{"__type__":"cc.PrefabInfo","root":{"__id__":1},"asset":{"__uuid__":"dfFsfFgxFOR5sivDqEjecl"},"fileId":"7f51PTWIxJgIoy3kx+vcIZ"},"_contentSize":{"__type__":"cc.Size","width":116,"height":122},"_position":{"__type__":"cc.Vec2","x":-117,"y":51}},{"__type__":"cc.Sprite","node":{"__id__":3},"_spriteFrame":{"__uuid__":"73r6/rDkVGBIL11xj+QbOl"}},{"__type__":"cc.Node","_name":"dice_spr","_parent":{"__id__":2},"_active":false,"_components":[{"__id__":6}],"_prefab":{"__type__":"cc.PrefabInfo","root":{"__id__":1},"asset":{"__uuid__":"dfFsfFgxFOR5sivDqEjecl"},"fileId":"66t3XUnYpP5JF0kTbU0k5B"},"_contentSize":{"__type__":"cc.Size","width":116,"height":122},"_position":{"__type__":"cc.Vec2","x":-1,"y":51}},{"__type__":"cc.Sprite","node":{"__id__":5},"_spriteFrame":{"__uuid__":"73r6/rDkVGBIL11xj+QbOl"}},{"__type__":"cc.Node","_name":"dice_spr","_parent":{"__id__":2},"_active":false,"_components":[{"__id__":8}],"_prefab":{"__type__":"cc.PrefabInfo","root":{"__id__":1},"asset":{"__uuid__":"dfFsfFgxFOR5sivDqEjecl"},"fileId":"54pq5p51FDKbVEJaeNNN+5"},"_contentSize":{"__type__":"cc.Size","width":116,"height":122},"_position":{"__type__":"cc.Vec2","x":115,"y":51}},{"__type__":"cc.Sprite","node":{"__id__":7},"_spriteFrame":{"__uuid__":"73r6/rDkVGBIL11xj+QbOl"}},{"__type__":"cc.Node","_name":"dice_spr","_parent":{"__id__":2},"_active":false,"_components":[{"__id__":10}],"_prefab":{"__type__":"cc.PrefabInfo","root":{"__id__":1},"asset":{"__uuid__":"dfFsfFgxFOR5sivDqEjecl"},"fileId":"f0vyD9MKVHcpqnLtB6XOno"},"_contentSize":{"__type__":"cc.Size","width":116,"height":122},"_position":{"__type__":"cc.Vec2","x":-54,"y":-71}},{"__type__":"cc.Sprite","node":{"__id__":9},"_spriteFrame":{"__uuid__":"73r6/rDkVGBIL11xj+QbOl"}},{"__type__":"cc.Node","_name":"dice_spr","_parent":{"__id__":2},"_active":false,"_components":[{"__id__":12}],"_prefab":{"__type__":"cc.PrefabInfo","root":{"__id__":1},"asset":{"__uuid__":"dfFsfFgxFOR5sivDqEjecl"},"fileId":"c1flsxI2pKVriy8xUb+7NS"},"_contentSize":{"__type__":"cc.Size","width":116,"height":122},"_position":{"__type__":"cc.Vec2","x":54,"y":-71}},{"__type__":"cc.Sprite","node":{"__id__":11},"_spriteFrame":{"__uuid__":"73r6/rDkVGBIL11xj+QbOl"}},{"__type__":"cc.Node","_name":"dice_effect","_parent":{"__id__":1},"_active":false,"_components":[{"__type__":"cc.Sprite","node":{"__id__":13},"_spriteFrame":{"__uuid__":"93NV7Wg/5JR4wN6WopZRBe"}}],"_prefab":{"__type__":"cc.PrefabInfo","root":{"__id__":1},"asset":{"__uuid__":"dfFsfFgxFOR5sivDqEjecl"},"fileId":"c5Bo5d9PdLu403WVwaG6oC"},"_contentSize":{"__type__":"cc.Size","width":226,"height":269}}]