{"__type__":"cc.SpriteAtlas","_name":"hall.plist","_spriteFrames":{"hall_bottom_bg":{"__uuid__":"a9fj+p1oFM2aY5OVcdBu+n"},"hall_btn_create":{"__uuid__":"bdhK9VeltEAorSQugQnw0L"},"hall_btn_join":{"__uuid__":"1dFgPTH5hMlpUe5UttNDmD"},"hall_btn_set":{"__uuid__":"17fVWUVAlIoIBUbqRzGi0Q"},"hall_coin_bg":{"__uuid__":"69ipk8tN5CR407qi6B5/FY"},"hall_coin_icon":{"__uuid__":"cb5rVj86FCK7af+wvssbCP"},"hall_dice_icon_3":{"__uuid__":"e3MQnwFbBPOp9aDE90Z/SI"},"hall_dice_icon_5":{"__uuid__":"374nuHo5VKtr/IgCkCtNrV"},"hall_dice_icon_6":{"__uuid__":"6aJJT0MIZBBJfN8lxkah5S"},"hall_item_bg_0":{"__uuid__":"09SMlZMVNH9qiYjed1n0Ho"},"hall_item_bg_1":{"__uuid__":"60tmR81XNAZ4enKWEXHvGC"},"hall_list_bg":{"__uuid__":"629N+A0uxBY7mePsdRM4uN"},"hall_top_bg":{"__uuid__":"68htLpFclAVrGopjlvRhU+"}}}