[{"__type__":"cc.SceneAsset","_name":"square_scene","scene":{"__id__":1},"asyncLoadAssets":null},{"__type__":"cc.Scene","_name":"New Node","_children":[{"__id__":2}],"_anchorPoint":{"__type__":"cc.Vec2"},"autoReleaseAssets":false},{"__type__":"cc.Node","_name":"Canvas","_parent":{"__id__":1},"_children":[{"__id__":3},{"__id__":4},{"__id__":16},{"__id__":34}],"_components":[{"__type__":"cc.Canvas","node":{"__id__":2},"_designResolution":{"__type__":"cc.Size","width":720,"height":1280}},{"__type__":"82420r/pl1PZanVYAt9Ds7E","node":{"__id__":2},"staticAtlas":{"__uuid__":"16VwKXqXRC5YJSUY5w2pIR"},"playerName":{"__id__":11},"curCoin":{"__id__":9},"audioSpr":{"__id__":14},"versionLabel":{"__id__":35},"btnHelp":{"__id__":15},"gamesPool":{"__id__":19},"gameItemSample":{"__uuid__":"44AERxmoJGdam2xpEbiJkA"},"games1":{"__id__":22},"games2":{"__id__":26},"games3":{"__id__":30}}],"_id":"74+wOnXK9KRbe+HKY7qu10","_contentSize":{"__type__":"cc.Size","width":720,"height":1280},"_position":{"__type__":"cc.Vec2","x":360,"y":640}},{"__type__":"cc.Node","_parent":{"__id__":2},"_prefab":{"__type__":"cc.PrefabInfo","root":{"__id__":3},"asset":{"__uuid__":"3bIOngeB5KwZ5X1oeEKRcf"},"fileId":"28u3OmfPVNLqPAgAgaOwyC","sync":true},"_name":"bg_effect"},{"__type__":"cc.Node","_name":"hall_top_bg","_parent":{"__id__":2},"_children":[{"__id__":5},{"__id__":6},{"__id__":10},{"__id__":12},{"__id__":13},{"__id__":15}],"_components":[{"__type__":"cc.Sprite","node":{"__id__":4},"_spriteFrame":{"__uuid__":"68htLpFclAVrGopjlvRhU+"},"_sizeMode":0},{"__type__":"cc.Widget","node":{"__id__":4},"_alignFlags":41,"_originalWidth":720}],"_contentSize":{"__type__":"cc.Size","width":720,"height":123},"_position":{"__type__":"cc.Vec2","y":578.5}},{"__type__":"cc.Node","_name":"head_icon","_parent":{"__id__":4},"_components":[{"__type__":"cc.Sprite","node":{"__id__":5},"_spriteFrame":{"__uuid__":"3cDW7SDItGHawFHAAb6MYY"}},{"__type__":"cc.Button","node":{"__id__":5},"clickEvents":[{"__type__":"cc.ClickEvent","target":{"__id__":2},"component":"SquareScene","handler":"onClickHead"}],"_N$target":{"__id__":5}},{"__type__":"cc.Widget","node":{"__id__":5},"_alignFlags":8,"_left":21}],"_contentSize":{"__type__":"cc.Size","width":90,"height":90},"_position":{"__type__":"cc.Vec2","x":-294}},{"__type__":"cc.Node","_name":"coin_bg","_parent":{"__id__":4},"_children":[{"__id__":7},{"__id__":8}],"_components":[{"__type__":"cc.Sprite","node":{"__id__":6},"_spriteFrame":{"__uuid__":"69ipk8tN5CR407qi6B5/FY"},"_type":1,"_sizeMode":0},{"__type__":"cc.Button","node":{"__id__":6},"transition":3,"zoomScale":1.1,"clickEvents":[{"__type__":"cc.ClickEvent","target":{"__id__":2},"component":"SquareScene","handler":"onClickCharge"}],"_N$target":{"__id__":6}},{"__type__":"cc.Widget","node":{"__id__":6},"_alignFlags":8,"_left":129}],"_contentSize":{"__type__":"cc.Size","width":331.8,"height":52},"_position":{"__type__":"cc.Vec2","x":-65.1,"y":-18}},{"__type__":"cc.Node","_name":"coin_icon","_parent":{"__id__":6},"_components":[{"__type__":"cc.Sprite","node":{"__id__":7},"_spriteFrame":{"__uuid__":"cb5rVj86FCK7af+wvssbCP"}}],"_contentSize":{"__type__":"cc.Size","width":32,"height":32},"_position":{"__type__":"cc.Vec2","x":-136,"y":-2}},{"__type__":"cc.Node","_name":"coin_num","_parent":{"__id__":6},"_components":[{"__id__":9}],"_contentSize":{"__type__":"cc.Size","width":47,"height":24},"_position":{"__type__":"cc.Vec2","x":-2,"y":-3}},{"__type__":"33366L8b2xN67F56E96bR/N","node":{"__id__":8},"_useOriginalSize":false,"_actualFontSize":24,"_fontSize":24,"_lineHeight":24,"_N$horizontalAlign":1,"_N$verticalAlign":1,"_string":"0.00","_N$textKey":""},{"__type__":"cc.Node","_name":"player_name","_parent":{"__id__":4},"_components":[{"__id__":11},{"__type__":"cc.Widget","node":{"__id__":10},"_alignFlags":8,"_left":136}],"_anchorPoint":{"__type__":"cc.Vec2","y":0.5},"_contentSize":{"__type__":"cc.Size","width":108,"height":24},"_position":{"__type__":"cc.Vec2","x":-224,"y":29}},{"__type__":"33366L8b2xN67F56E96bR/N","node":{"__id__":10},"_useOriginalSize":false,"_actualFontSize":24,"_fontSize":24,"_lineHeight":24,"_N$horizontalAlign":1,"_N$verticalAlign":1,"_string":"xxxxxxxxx","_N$textKey":""},{"__type__":"cc.Node","_name":"notice","_parent":{"__id__":4},"_components":[{"__type__":"cc.Sprite","node":{"__id__":12},"_spriteFrame":{"__uuid__":"299blGoItMJJvAtQtRGmri"}},{"__type__":"cc.Button","node":{"__id__":12},"_N$target":{"__id__":12}},{"__type__":"cc.Button","node":{"__id__":12},"transition":3,"zoomScale":1.1,"clickEvents":[{"__type__":"cc.ClickEvent","target":{"__id__":2},"component":"SquareScene","handler":"onClickNotice"}],"_N$target":{"__id__":12}},{"__type__":"cc.Widget","node":{"__id__":12},"_alignFlags":32,"_right":174}],"_contentSize":{"__type__":"cc.Size","width":42,"height":42},"_position":{"__type__":"cc.Vec2","x":165,"y":-16}},{"__type__":"cc.Node","_name":"hall_sound_on","_parent":{"__id__":4},"_components":[{"__id__":14},{"__type__":"cc.Button","node":{"__id__":13},"transition":3,"zoomScale":1.1,"clickEvents":[{"__type__":"cc.ClickEvent","target":{"__id__":2},"component":"SquareScene","handler":"onChangeAudio"}],"_N$target":{"__id__":13}},{"__type__":"cc.Widget","node":{"__id__":13},"_alignFlags":32,"_right":103.85}],"_contentSize":{"__type__":"cc.Size","width":42.3,"height":42.3},"_position":{"__type__":"cc.Vec2","x":234.99999999999997,"y":-16}},{"__type__":"cc.Sprite","node":{"__id__":13},"_spriteFrame":{"__uuid__":"aay5tKkctFPaan88Zr2D/k"},"_sizeMode":0},{"__type__":"cc.Node","_name":"help","_parent":{"__id__":4},"_components":[{"__type__":"cc.Sprite","node":{"__id__":15},"_spriteFrame":{"__uuid__":"d3S9c4lVRIlrSiSNUSEszV"},"_sizeMode":0},{"__type__":"cc.Button","node":{"__id__":15},"transition":3,"zoomScale":1.1,"clickEvents":[{"__type__":"cc.ClickEvent","target":{"__id__":2},"component":"SquareScene","handler":"onClickHelp"}],"_N$target":{"__id__":15}},{"__type__":"cc.Widget","node":{"__id__":15},"_alignFlags":32,"_right":34}],"_contentSize":{"__type__":"cc.Size","width":42,"height":42},"_position":{"__type__":"cc.Vec2","x":305,"y":-16}},{"__type__":"cc.Node","_name":"hall_list_bg","_parent":{"__id__":2},"_children":[{"__id__":17}],"_components":[{"__type__":"cc.Sprite","node":{"__id__":16},"_spriteFrame":{"__uuid__":"a26c4jsllCt7C02ycLzv1d"},"_type":1,"_sizeMode":0},{"__type__":"cc.Widget","node":{"__id__":16},"_alignFlags":45,"_top":122.74999999999986,"_bottom":8.75,"_originalWidth":720,"_originalHeight":1016}],"_contentSize":{"__type__":"cc.Size","width":720,"height":1148.5},"_position":{"__type__":"cc.Vec2","y":-57}},{"__type__":"cc.Node","_name":"room_scroll","_parent":{"__id__":16},"_children":[{"__id__":18}],"_components":[{"__type__":"cc.ScrollView","node":{"__id__":17},"content":{"__id__":19},"horizontal":false,"brake":0.75,"bounceDuration":0.23,"_N$horizontalScrollBar":null,"_N$verticalScrollBar":null},{"__type__":"cc.Widget","node":{"__id__":17},"_alignFlags":45,"_top":18,"_bottom":18,"_originalWidth":720,"_originalHeight":980}],"_contentSize":{"__type__":"cc.Size","width":720,"height":1112.5}},{"__type__":"cc.Node","_name":"view","_parent":{"__id__":17},"_children":[{"__id__":19}],"_components":[{"__type__":"cc.Mask","node":{"__id__":18}},{"__type__":"cc.Widget","node":{"__id__":18},"_alignFlags":45,"_originalWidth":240,"_originalHeight":250}],"_contentSize":{"__type__":"cc.Size","width":720,"height":1112.5}},{"__type__":"cc.Node","_name":"content","_parent":{"__id__":18},"_children":[{"__id__":20},{"__id__":21},{"__id__":22},{"__id__":23},{"__id__":24},{"__id__":25},{"__id__":26},{"__id__":27},{"__id__":28},{"__id__":29},{"__id__":30},{"__id__":31},{"__id__":32},{"__id__":33}],"_components":[{"__type__":"cc.Layout","node":{"__id__":19},"_layoutSize":{"__type__":"cc.Size","width":720,"height":825},"_resize":1,"_N$layoutType":2,"_N$paddingLeft":26,"_N$paddingTop":24,"_N$spacingX":10,"_N$spacingY":6},{"__type__":"cc.Widget","node":{"__id__":19},"_alignFlags":41,"_originalWidth":220}],"_anchorPoint":{"__type__":"cc.Vec2","x":0.5,"y":1},"_contentSize":{"__type__":"cc.Size","width":720,"height":825},"_position":{"__type__":"cc.Vec2","y":556.25}},{"__type__":"cc.Node","_name":"name1","_parent":{"__id__":19},"_components":[{"__type__":"cc.Widget","node":{"__id__":20},"_alignFlags":8,"_left":41},{"__type__":"33366L8b2xN67F56E96bR/N","node":{"__id__":20},"_useOriginalSize":false,"_actualFontSize":26,"_fontSize":26,"_lineHeight":35,"_N$textKey":"Sports"}],"_anchorPoint":{"__type__":"cc.Vec2","y":0.5},"_contentSize":{"__type__":"cc.Size","width":159,"height":35},"_position":{"__type__":"cc.Vec2","x":-319,"y":-41.5}},{"__type__":"cc.Node","_name":"line1","_parent":{"__id__":19},"_components":[{"__type__":"cc.Sprite","node":{"__id__":21},"_spriteFrame":{"__uuid__":"0bP79embZA9o41gZiG1S47"},"_sizeMode":0},{"__type__":"cc.Widget","node":{"__id__":21},"_alignFlags":40,"_left":15,"_right":15,"_originalWidth":2}],"_contentSize":{"__type__":"cc.Size","width":690,"height":2},"_position":{"__type__":"cc.Vec2","y":-66}},{"__type__":"cc.Node","_name":"games1","_parent":{"__id__":19},"_components":[{"__type__":"cc.Layout","node":{"__id__":22},"_layoutSize":{"__type__":"cc.Size","width":720,"height":174},"_resize":1,"_N$layoutType":3,"_N$paddingLeft":26,"_N$paddingTop":24,"_N$spacingX":10,"_N$spacingY":6},{"__type__":"cc.Widget","node":{"__id__":22},"_alignFlags":41,"_top":73,"_originalWidth":220}],"_anchorPoint":{"__type__":"cc.Vec2","x":0.5,"y":1},"_contentSize":{"__type__":"cc.Size","width":720,"height":174},"_position":{"__type__":"cc.Vec2","y":-73}},{"__type__":"cc.Node","_name":"spliter","_parent":{"__id__":19},"_components":[{"__type__":"cc.Label","node":{"__id__":23},"_useOriginalSize":false,"_actualFontSize":26,"_fontSize":26,"_N$string":" ","_N$horizontalAlign":1,"_N$verticalAlign":1},{"__type__":"cc.Widget","node":{"__id__":23},"_alignFlags":8,"_left":71.5}],"_contentSize":{"__type__":"cc.Size","width":7,"height":40},"_position":{"__type__":"cc.Vec2","x":-285,"y":-273}},{"__type__":"cc.Node","_name":"name2","_parent":{"__id__":19},"_components":[{"__type__":"cc.Widget","node":{"__id__":24},"_alignFlags":8,"_left":41},{"__type__":"33366L8b2xN67F56E96bR/N","node":{"__id__":24},"_useOriginalSize":false,"_actualFontSize":26,"_fontSize":26,"_lineHeight":35,"_N$textKey":"ESports"}],"_anchorPoint":{"__type__":"cc.Vec2","y":0.5},"_contentSize":{"__type__":"cc.Size","width":184,"height":35},"_position":{"__type__":"cc.Vec2","x":-319,"y":-316.5}},{"__type__":"cc.Node","_name":"line2","_parent":{"__id__":19},"_components":[{"__type__":"cc.Sprite","node":{"__id__":25},"_spriteFrame":{"__uuid__":"0bP79embZA9o41gZiG1S47"},"_sizeMode":0},{"__type__":"cc.Widget","node":{"__id__":25},"_alignFlags":40,"_left":15,"_right":15,"_originalWidth":2}],"_contentSize":{"__type__":"cc.Size","width":690,"height":2},"_position":{"__type__":"cc.Vec2","y":-341}},{"__type__":"cc.Node","_name":"games2","_parent":{"__id__":19},"_components":[{"__type__":"cc.Layout","node":{"__id__":26},"_layoutSize":{"__type__":"cc.Size","width":720,"height":64},"_resize":1,"_N$layoutType":3,"_N$paddingLeft":26,"_N$paddingTop":24,"_N$spacingX":10,"_N$spacingY":6},{"__type__":"cc.Widget","node":{"__id__":26},"_alignFlags":41,"_top":348,"_originalWidth":220}],"_anchorPoint":{"__type__":"cc.Vec2","x":0.5,"y":1},"_contentSize":{"__type__":"cc.Size","width":720,"height":64},"_position":{"__type__":"cc.Vec2","y":-348}},{"__type__":"cc.Node","_name":"spliter","_parent":{"__id__":19},"_components":[{"__type__":"cc.Label","node":{"__id__":27},"_useOriginalSize":false,"_actualFontSize":26,"_fontSize":26,"_N$string":" ","_N$horizontalAlign":1,"_N$verticalAlign":1},{"__type__":"cc.Widget","node":{"__id__":27},"_alignFlags":8,"_left":26}],"_contentSize":{"__type__":"cc.Size","width":7,"height":40},"_position":{"__type__":"cc.Vec2","x":-330.5,"y":-438}},{"__type__":"cc.Node","_name":"name3","_parent":{"__id__":19},"_components":[{"__type__":"cc.Widget","node":{"__id__":28},"_alignFlags":8,"_left":41},{"__type__":"33366L8b2xN67F56E96bR/N","node":{"__id__":28},"_useOriginalSize":false,"_actualFontSize":26,"_fontSize":26,"_lineHeight":35,"_N$textKey":"Pokers"}],"_anchorPoint":{"__type__":"cc.Vec2","y":0.5},"_contentSize":{"__type__":"cc.Size","width":81,"height":35},"_position":{"__type__":"cc.Vec2","x":-319,"y":-481.5}},{"__type__":"cc.Node","_name":"line3","_parent":{"__id__":19},"_components":[{"__type__":"cc.Sprite","node":{"__id__":29},"_spriteFrame":{"__uuid__":"0bP79embZA9o41gZiG1S47"},"_sizeMode":0},{"__type__":"cc.Widget","node":{"__id__":29},"_alignFlags":40,"_left":15,"_right":15,"_originalWidth":2}],"_contentSize":{"__type__":"cc.Size","width":690,"height":2},"_position":{"__type__":"cc.Vec2","y":-506}},{"__type__":"cc.Node","_name":"games3","_parent":{"__id__":19},"_components":[{"__type__":"cc.Layout","node":{"__id__":30},"_layoutSize":{"__type__":"cc.Size","width":720,"height":174},"_resize":1,"_N$layoutType":3,"_N$paddingLeft":26,"_N$paddingTop":24,"_N$spacingX":10,"_N$spacingY":6},{"__type__":"cc.Widget","node":{"__id__":30},"_alignFlags":41,"_top":513,"_originalWidth":220}],"_anchorPoint":{"__type__":"cc.Vec2","x":0.5,"y":1},"_contentSize":{"__type__":"cc.Size","width":720,"height":174},"_position":{"__type__":"cc.Vec2","y":-513}},{"__type__":"cc.Node","_name":"spliter","_parent":{"__id__":19},"_components":[{"__type__":"cc.Label","node":{"__id__":31},"_useOriginalSize":false,"_actualFontSize":26,"_fontSize":26,"_N$string":" ","_N$horizontalAlign":1,"_N$verticalAlign":1},{"__type__":"cc.Widget","node":{"__id__":31},"_alignFlags":8,"_left":26}],"_contentSize":{"__type__":"cc.Size","width":7,"height":40},"_position":{"__type__":"cc.Vec2","x":-330.5,"y":-713}},{"__type__":"cc.Node","_name":"spliter","_parent":{"__id__":19},"_components":[{"__type__":"cc.Label","node":{"__id__":32},"_useOriginalSize":false,"_actualFontSize":26,"_fontSize":26,"_N$string":" ","_N$horizontalAlign":1,"_N$verticalAlign":1},{"__type__":"cc.Widget","node":{"__id__":32},"_alignFlags":8,"_left":26}],"_contentSize":{"__type__":"cc.Size","width":7,"height":40},"_position":{"__type__":"cc.Vec2","x":-330.5,"y":-759}},{"__type__":"cc.Node","_name":"spliter","_parent":{"__id__":19},"_components":[{"__type__":"cc.Label","node":{"__id__":33},"_useOriginalSize":false,"_actualFontSize":26,"_fontSize":26,"_N$string":" ","_N$horizontalAlign":1,"_N$verticalAlign":1},{"__type__":"cc.Widget","node":{"__id__":33},"_alignFlags":8,"_left":26}],"_contentSize":{"__type__":"cc.Size","width":7,"height":40},"_position":{"__type__":"cc.Vec2","x":-330.5,"y":-805}},{"__type__":"cc.Node","_name":"version_label","_parent":{"__id__":2},"_components":[{"__id__":35},{"__type__":"cc.Widget","node":{"__id__":34},"_alignFlags":36,"_left":10,"_right":34,"_bottom":27}],"_anchorPoint":{"__type__":"cc.Vec2","x":1,"y":0.5},"_contentSize":{"__type__":"cc.Size","width":54,"height":20},"_position":{"__type__":"cc.Vec2","x":326,"y":-603}},{"__type__":"33366L8b2xN67F56E96bR/N","node":{"__id__":34},"_useOriginalSize":false,"_actualFontSize":20,"_fontSize":20,"_lineHeight":20,"_string":"v1.0.2","_N$textKey":""}]