[{"__type__":"cc.Prefab","_name":"notice_view","data":{"__id__":1}},{"__type__":"cc.Node","_name":"notice_view","_children":[{"__id__":2},{"__id__":3},{"__id__":6}],"_components":[{"__type__":"cc.Widget","node":{"__id__":1},"_alignFlags":45},{"__type__":"ff3c48QMc5Am4PRrXs45PvQ","node":{"__id__":1},"base64Label":{"__id__":10}}],"_prefab":{"__type__":"cc.PrefabInfo","root":{"__id__":1},"asset":{"__uuid__":"64tvYEHadKaaRWofhAjzUU"},"fileId":"443YHYeqJKeac2zdi2CT26"},"_contentSize":{"__type__":"cc.Size","width":720,"height":1280},"_position":{"__type__":"cc.Vec2","x":360,"y":640}},{"__type__":"cc.Node","_name":"notice_bg","_parent":{"__id__":1},"_components":[{"__type__":"cc.Sprite","node":{"__id__":2},"_spriteFrame":{"__uuid__":"a1MBlYxlJCfbr+NLafyUtI"}},{"__type__":"cc.Widget","node":{"__id__":2},"_alignFlags":45,"_originalWidth":720,"_originalHeight":1280}],"_prefab":{"__type__":"cc.PrefabInfo","root":{"__id__":1},"asset":{"__uuid__":"64tvYEHadKaaRWofhAjzUU"},"fileId":"e7kFjA3INAC53rd7TQto9B"},"_contentSize":{"__type__":"cc.Size","width":720,"height":1280}},{"__type__":"cc.Node","_name":"notice_top","_parent":{"__id__":1},"_children":[{"__id__":4},{"__id__":5}],"_components":[{"__type__":"cc.Sprite","node":{"__id__":3},"_spriteFrame":{"__uuid__":"4fLE3DWWZAyr8jo5tGUy11"}},{"__type__":"cc.Widget","node":{"__id__":3},"_alignFlags":41,"_originalWidth":720}],"_prefab":{"__type__":"cc.PrefabInfo","root":{"__id__":1},"asset":{"__uuid__":"64tvYEHadKaaRWofhAjzUU"},"fileId":"10DRZquupLYYSqDvs5iOvR"},"_contentSize":{"__type__":"cc.Size","width":720,"height":121},"_position":{"__type__":"cc.Vec2","y":579.5}},{"__type__":"cc.Node","_name":"btn_back","_parent":{"__id__":3},"_components":[{"__type__":"cc.Sprite","node":{"__id__":4},"_spriteFrame":{"__uuid__":"3fOepK9eFOAbCcgONYssFJ"}},{"__type__":"cc.Button","node":{"__id__":4},"transition":3,"zoomScale":1.1,"clickEvents":[{"__type__":"cc.ClickEvent","target":{"__id__":1},"component":"NoticeView","handler":"onClickBack"}],"_N$target":{"__id__":4}},{"__type__":"cc.Widget","node":{"__id__":4},"_alignFlags":8,"_left":25.5}],"_prefab":{"__type__":"cc.PrefabInfo","root":{"__id__":1},"asset":{"__uuid__":"64tvYEHadKaaRWofhAjzUU"},"fileId":"07F/B+6i5M4LB+JeMtMLTa"},"_contentSize":{"__type__":"cc.Size","width":55,"height":70},"_position":{"__type__":"cc.Vec2","x":-307,"y":8}},{"__type__":"cc.Node","_name":"title_text","_parent":{"__id__":3},"_components":[{"__type__":"33366L8b2xN67F56E96bR/N","node":{"__id__":5},"_useOriginalSize":false,"_actualFontSize":43,"_fontSize":43,"_N$horizontalAlign":1,"_N$verticalAlign":1,"_string":"Join Us","_N$textKey":""}],"_prefab":{"__type__":"cc.PrefabInfo","root":{"__id__":1},"asset":{"__uuid__":"64tvYEHadKaaRWofhAjzUU"},"fileId":"3ehNcGVq5AaZGKG3JbmF4U"},"_contentSize":{"__type__":"cc.Size","width":143,"height":40},"_position":{"__type__":"cc.Vec2","y":11}},{"__type__":"cc.Node","_name":"content_scroll","_parent":{"__id__":1},"_children":[{"__id__":7}],"_components":[{"__type__":"cc.ScrollView","node":{"__id__":6},"content":{"__id__":8},"horizontal":false,"inertia":false,"brake":0.75,"bounceDuration":0.23,"_N$horizontalScrollBar":null,"_N$verticalScrollBar":null},{"__type__":"cc.Widget","node":{"__id__":6},"_alignFlags":45,"_top":120,"_originalWidth":240,"_originalHeight":314}],"_prefab":{"__type__":"cc.PrefabInfo","root":{"__id__":1},"asset":{"__uuid__":"64tvYEHadKaaRWofhAjzUU"},"fileId":"ccagV0lnNH8ZLVntcJJctI"},"_color":{"__type__":"cc.Color","r":184,"g":184,"b":184},"_contentSize":{"__type__":"cc.Size","width":720,"height":1160},"_position":{"__type__":"cc.Vec2","y":-60}},{"__type__":"cc.Node","_name":"view","_parent":{"__id__":6},"_children":[{"__id__":8}],"_components":[{"__type__":"cc.Mask","node":{"__id__":7}},{"__type__":"cc.Widget","node":{"__id__":7},"_alignFlags":45,"_originalWidth":240,"_originalHeight":250}],"_prefab":{"__type__":"cc.PrefabInfo","root":{"__id__":1},"asset":{"__uuid__":"64tvYEHadKaaRWofhAjzUU"},"fileId":"461PhxhhVDk7WJZ5ffFFDS"},"_contentSize":{"__type__":"cc.Size","width":720,"height":1160}},{"__type__":"cc.Node","_name":"content","_parent":{"__id__":7},"_children":[{"__id__":9}],"_components":[{"__type__":"cc.Layout","node":{"__id__":8},"_layoutSize":{"__type__":"cc.Size","width":720,"height":30},"_resize":1,"_N$layoutType":2},{"__type__":"cc.Widget","node":{"__id__":8},"_alignFlags":41,"_originalWidth":220}],"_prefab":{"__type__":"cc.PrefabInfo","root":{"__id__":1},"asset":{"__uuid__":"64tvYEHadKaaRWofhAjzUU"},"fileId":"755jySzLRC3ZfpZcy44wxw"},"_anchorPoint":{"__type__":"cc.Vec2","x":0.5,"y":1},"_contentSize":{"__type__":"cc.Size","width":720,"height":30},"_position":{"__type__":"cc.Vec2","y":580}},{"__type__":"cc.Node","_name":"item","_parent":{"__id__":8},"_components":[{"__id__":10},{"__type__":"cc.Button","node":{"__id__":9},"clickEvents":[{"__type__":"cc.ClickEvent","target":{"__id__":1},"component":"NoticeView","handler":"onClickCopy"}],"_N$target":{"__id__":9}}],"_prefab":{"__type__":"cc.PrefabInfo","root":{"__id__":1},"asset":{"__uuid__":"64tvYEHadKaaRWofhAjzUU"},"fileId":"faQ1ZHI6xHpLBFhThs4sPa"},"_contentSize":{"__type__":"cc.Size","width":700,"height":30},"_position":{"__type__":"cc.Vec2","y":-15}},{"__type__":"33366L8b2xN67F56E96bR/N","node":{"__id__":9},"_useOriginalSize":false,"_actualFontSize":24,"_fontSize":24,"_lineHeight":30,"_N$overflow":3,"_N$textKey":""}]