[{"__type__":"cc.Prefab","_name":"tip_node","data":{"__id__":1}},{"__type__":"cc.Node","_name":"tip_node","_children":[{"__id__":2},{"__id__":3}],"_components":[{"__type__":"cc.Widget","node":{"__id__":1},"_alignFlags":42}],"_prefab":{"__type__":"cc.PrefabInfo","root":{"__id__":1},"asset":{"__uuid__":"8fWPpFQRVPBrR7hZvXKIBj"},"fileId":"44DtJFDVRGy5BC5a/wbK8F"},"_contentSize":{"__type__":"cc.Size","width":720},"_position":{"__type__":"cc.Vec2","x":360,"y":640}},{"__type__":"cc.Node","_name":"mask","_parent":{"__id__":1},"_components":[{"__type__":"cc.Sprite","node":{"__id__":2},"_spriteFrame":{"__uuid__":"0bP79embZA9o41gZiG1S47"},"_type":1,"_sizeMode":0},{"__type__":"cc.Widget","node":{"__id__":2},"_alignFlags":40,"_originalWidth":100}],"_prefab":{"__type__":"cc.PrefabInfo","root":{"__id__":1},"asset":{"__uuid__":"8fWPpFQRVPBrR7hZvXKIBj"},"fileId":"8eKeeEjVVGcpblsFbuItZ6"},"_opacity":200,"_color":{"__type__":"cc.Color"},"_contentSize":{"__type__":"cc.Size","width":720,"height":80}},{"__type__":"cc.Node","_name":"tip_text","_parent":{"__id__":1},"_components":[{"__type__":"33366L8b2xN67F56E96bR/N","node":{"__id__":3},"_useOriginalSize":false,"_N$string":"提示","_N$horizontalAlign":1,"_N$verticalAlign":1,"_N$overflow":2,"_N$textKey":""},{"__type__":"cc.Widget","node":{"__id__":3},"_alignFlags":40,"_left":20,"_right":20,"_top":-20}],"_prefab":{"__type__":"cc.PrefabInfo","root":{"__id__":1},"asset":{"__uuid__":"8fWPpFQRVPBrR7hZvXKIBj"},"fileId":"0aNikNBj9JbaKA3uiSVqdo"},"_contentSize":{"__type__":"cc.Size","width":680,"height":40}}]