[{"__type__":"cc.Prefab","_name":"room_pass","data":{"__id__":1}},{"__type__":"cc.Node","_name":"room_pass","_children":[{"__id__":2},{"__id__":3}],"_components":[{"__type__":"cc.Widget","node":{"__id__":1},"_alignFlags":45},{"__type__":"ec2535yYw9MtKdy+HNrtdxv","node":{"__id__":1},"passInput":{"__id__":8},"dialogBg":{"__id__":3}}],"_prefab":{"__type__":"cc.PrefabInfo","root":{"__id__":1},"asset":{"__uuid__":"d3Nmsam2xGS4LHGfcx6TI7"},"fileId":"17lucFZ3hKl4WkOIu5EUvC"},"_contentSize":{"__type__":"cc.Size","width":720,"height":1280},"_position":{"__type__":"cc.Vec2","x":360,"y":640}},{"__type__":"cc.Node","_name":"mask","_parent":{"__id__":1},"_components":[{"__type__":"cc.Sprite","node":{"__id__":2},"_spriteFrame":{"__uuid__":"0bP79embZA9o41gZiG1S47"},"_type":1,"_sizeMode":0},{"__type__":"cc.Button","node":{"__id__":2},"pressedColor":{"__type__":"cc.Color","r":255,"g":255,"b":255},"clickEvents":[{"__type__":"cc.ClickEvent","target":{"__id__":1},"component":"RoomPass","handler":"onClickMask"}],"_N$normalColor":{"__type__":"cc.Color","r":255,"g":255,"b":255},"_N$disabledColor":{"__type__":"cc.Color","r":255,"g":255,"b":255},"_N$normalSprite":{"__uuid__":"f0BIwQ8D5Ml7nTNQbh1YlS"},"_N$pressedSprite":{"__uuid__":"e97GVMl6JHh5Ml5qEDdSGa"},"pressedSprite":{"__uuid__":"e97GVMl6JHh5Ml5qEDdSGa"},"_N$hoverSprite":{"__uuid__":"e97GVMl6JHh5Ml5qEDdSGa"},"hoverSprite":{"__uuid__":"e97GVMl6JHh5Ml5qEDdSGa"},"_N$disabledSprite":{"__uuid__":"29FYIk+N1GYaeWH/q1NxQO"},"_N$target":{"__id__":2}},{"__type__":"cc.Widget","node":{"__id__":2},"_alignFlags":45,"_originalWidth":100,"_originalHeight":40}],"_prefab":{"__type__":"cc.PrefabInfo","root":{"__id__":1},"asset":{"__uuid__":"d3Nmsam2xGS4LHGfcx6TI7"},"fileId":"02/iDFDJ9FTL97boCdtgY+"},"_opacity":200,"_color":{"__type__":"cc.Color"},"_contentSize":{"__type__":"cc.Size","width":720,"height":1280}},{"__type__":"cc.Node","_name":"dialog_bg","_parent":{"__id__":1},"_children":[{"__id__":4},{"__id__":5},{"__id__":9}],"_components":[{"__type__":"cc.Sprite","node":{"__id__":3},"_spriteFrame":{"__uuid__":"a26c4jsllCt7C02ycLzv1d"},"_sizeMode":0}],"_prefab":{"__type__":"cc.PrefabInfo","root":{"__id__":1},"asset":{"__uuid__":"d3Nmsam2xGS4LHGfcx6TI7"},"fileId":"a3qKP7Iu5Mdp+6wTGcos+4"},"_contentSize":{"__type__":"cc.Size","width":531,"height":335},"_position":{"__type__":"cc.Vec2","y":-9}},{"__type__":"cc.Node","_name":"pass_tip","_parent":{"__id__":3},"_components":[{"__type__":"33366L8b2xN67F56E96bR/N","node":{"__id__":4},"_useOriginalSize":false,"_actualFontSize":30,"_fontSize":30,"_lineHeight":35,"_N$horizontalAlign":1,"_N$overflow":3,"_N$textKey":"RoomPass_1"}],"_prefab":{"__type__":"cc.PrefabInfo","root":{"__id__":1},"asset":{"__uuid__":"d3Nmsam2xGS4LHGfcx6TI7"},"fileId":"e2E2gTb3xMF6Gtt/8eRIuQ"},"_contentSize":{"__type__":"cc.Size","width":450,"height":70},"_position":{"__type__":"cc.Vec2","y":92}},{"__type__":"cc.Node","_name":"pass_node","_parent":{"__id__":3},"_children":[{"__id__":6},{"__id__":7}],"_components":[{"__type__":"cc.ToggleContainer","node":{"__id__":5}}],"_prefab":{"__type__":"cc.PrefabInfo","root":{"__id__":1},"asset":{"__uuid__":"d3Nmsam2xGS4LHGfcx6TI7"},"fileId":"5a4wEQDCtDMrBz7MU3yNJK"},"_contentSize":{"__type__":"cc.Size","width":400,"height":50}},{"__type__":"cc.Node","_name":"least_tip","_parent":{"__id__":5},"_components":[{"__type__":"33366L8b2xN67F56E96bR/N","node":{"__id__":6},"_useOriginalSize":false,"_actualFontSize":30,"_fontSize":30,"_lineHeight":30,"_N$horizontalAlign":1,"_N$overflow":2,"_N$textKey":"CreateRoom_6"}],"_prefab":{"__type__":"cc.PrefabInfo","root":{"__id__":1},"asset":{"__uuid__":"d3Nmsam2xGS4LHGfcx6TI7"},"fileId":"75zUPeYOtJT5/GOwVZI54G"},"_contentSize":{"__type__":"cc.Size","width":140,"height":30},"_position":{"__type__":"cc.Vec2","x":-168}},{"__type__":"cc.Node","_name":"pass_input","_parent":{"__id__":5},"_components":[{"__id__":8}],"_prefab":{"__type__":"cc.PrefabInfo","root":{"__id__":1},"asset":{"__uuid__":"d3Nmsam2xGS4LHGfcx6TI7"},"fileId":"64iTB5a9ROII4AmQIJVYoh"},"_contentSize":{"__type__":"cc.Size","width":303,"height":58},"_position":{"__type__":"cc.Vec2","x":76}},{"__type__":"a0a1aK70nxAYIETevnKncbu","node":{"__id__":7},"_useOriginalSize":false,"_N$backgroundImage":{"__uuid__":"dbtDeYo4BLlY0pCQuOB+jZ"},"_N$inputMode":5,"_N$fontSize":28,"_N$lineHeight":30,"_N$fontColor":{"__type__":"cc.Color","r":38,"g":181,"b":241},"_N$placeholder":"请输入单注金额","_N$maxLength":8,"_N$textKey":"EditCreate_3"},{"__type__":"cc.Node","_name":"btn_join","_parent":{"__id__":3},"_children":[{"__id__":10}],"_components":[{"__type__":"cc.Sprite","node":{"__id__":9},"_spriteFrame":{"__uuid__":"8enDtdm85I07+skqCrU3pJ"},"_type":1,"_sizeMode":0},{"__type__":"cc.Button","node":{"__id__":9},"transition":3,"zoomScale":1.1,"clickEvents":[{"__type__":"cc.ClickEvent","target":{"__id__":1},"component":"RoomPass","handler":"onClickJoin"}],"_N$target":{"__id__":9}}],"_prefab":{"__type__":"cc.PrefabInfo","root":{"__id__":1},"asset":{"__uuid__":"d3Nmsam2xGS4LHGfcx6TI7"},"fileId":"866t5A+j5MsrzcpcvyKKX0"},"_contentSize":{"__type__":"cc.Size","width":142,"height":60},"_position":{"__type__":"cc.Vec2","y":-100}},{"__type__":"cc.Node","_name":"New Node","_parent":{"__id__":9},"_components":[{"__type__":"33366L8b2xN67F56E96bR/N","node":{"__id__":10},"_useOriginalSize":false,"_actualFontSize":30,"_fontSize":30,"_lineHeight":34,"_N$horizontalAlign":1,"_N$overflow":2,"_N$textKey":"RoomPass_2"}],"_prefab":{"__type__":"cc.PrefabInfo","root":{"__id__":1},"asset":{"__uuid__":"d3Nmsam2xGS4LHGfcx6TI7"},"fileId":"92V0KKx+RCKLo91RI3UKtF"},"_contentSize":{"__type__":"cc.Size","width":110,"height":34}}]