{"__type__":"cc.SpriteAtlas","_name":"hall.plist","_spriteFrames":{"hall_bottom_bg":{"__uuid__":"a9fj+p1oFM2aY5OVcdBu+n"},"hall_coin_bg":{"__uuid__":"69ipk8tN5CR407qi6B5/FY"},"hall_coin_icon":{"__uuid__":"cb5rVj86FCK7af+wvssbCP"},"hall_dice_icon_3":{"__uuid__":"e3MQnwFbBPOp9aDE90Z/SI"},"hall_dice_icon_5":{"__uuid__":"374nuHo5VKtr/IgCkCtNrV"},"hall_item_bg_0":{"__uuid__":"09SMlZMVNH9qiYjed1n0Ho"},"hall_item_bg_1":{"__uuid__":"60tmR81XNAZ4enKWEXHvGC"},"hall_list_bg":{"__uuid__":"629N+A0uxBY7mePsdRM4uN"},"hall_sound_off":{"__uuid__":"75/i+BuVtOk6Gbkj6FbohM"},"hall_sound_on":{"__uuid__":"aay5tKkctFPaan88Zr2D/k"},"hall_top_bg":{"__uuid__":"68htLpFclAVrGopjlvRhU+"},"login_logo":{"__uuid__":"538uzN1PhC35EvQdF3v9ry"},"register_btn_help":{"__uuid__":"ddZbX0y8VCgLT3X0C97ofH"},"room_name":{"__uuid__":"c86r0PhyVG6a4OrPAaTsjo"}}}