[{"__type__":"cc.Prefab","_name":"create_room","data":{"__id__":1}},{"__type__":"cc.Node","_name":"create_room","_children":[{"__id__":2},{"__id__":3}],"_components":[{"__type__":"cc.Widget","node":{"__id__":1},"_alignFlags":45},{"__type__":"1df88JFJRFJ074F/qLghKVT","node":{"__id__":1},"diceNum5":{"__id__":20},"maxInput":{"__id__":24},"betInput":{"__id__":28},"passInput":{"__id__":32},"nameInput":{"__id__":7}}],"_prefab":{"__type__":"cc.PrefabInfo","root":{"__id__":1},"asset":{"__uuid__":"54E6mWZntNs7EwEvPD5kpA"},"fileId":"90ozvwgyVMBJE8E8Ade3AK"},"_contentSize":{"__type__":"cc.Size","width":720,"height":1280},"_position":{"__type__":"cc.Vec2","x":360,"y":640}},{"__type__":"cc.Node","_name":"mask","_parent":{"__id__":1},"_components":[{"__type__":"cc.Sprite","node":{"__id__":2},"_spriteFrame":{"__uuid__":"0bP79embZA9o41gZiG1S47"},"_type":1,"_sizeMode":0},{"__type__":"cc.Button","node":{"__id__":2},"pressedColor":{"__type__":"cc.Color","r":255,"g":255,"b":255},"_N$normalColor":{"__type__":"cc.Color","r":255,"g":255,"b":255},"_N$disabledColor":{"__type__":"cc.Color","r":255,"g":255,"b":255},"_N$normalSprite":{"__uuid__":"f0BIwQ8D5Ml7nTNQbh1YlS"},"_N$pressedSprite":{"__uuid__":"e97GVMl6JHh5Ml5qEDdSGa"},"pressedSprite":{"__uuid__":"e97GVMl6JHh5Ml5qEDdSGa"},"_N$hoverSprite":{"__uuid__":"e97GVMl6JHh5Ml5qEDdSGa"},"hoverSprite":{"__uuid__":"e97GVMl6JHh5Ml5qEDdSGa"},"_N$disabledSprite":{"__uuid__":"29FYIk+N1GYaeWH/q1NxQO"},"_N$target":{"__id__":2}},{"__type__":"cc.Widget","node":{"__id__":2},"_alignFlags":45,"_originalWidth":100,"_originalHeight":40}],"_prefab":{"__type__":"cc.PrefabInfo","root":{"__id__":1},"asset":{"__uuid__":"54E6mWZntNs7EwEvPD5kpA"},"fileId":"fd4yV/EJ9MbovUIoHHvxn+"},"_opacity":200,"_color":{"__type__":"cc.Color"},"_contentSize":{"__type__":"cc.Size","width":720,"height":1280}},{"__type__":"cc.Node","_name":"dialog_bg","_parent":{"__id__":1},"_children":[{"__id__":4},{"__id__":8},{"__id__":21},{"__id__":25},{"__id__":29},{"__id__":33},{"__id__":35}],"_components":[{"__type__":"cc.Sprite","node":{"__id__":3},"_spriteFrame":{"__uuid__":"a26c4jsllCt7C02ycLzv1d"},"_sizeMode":0}],"_prefab":{"__type__":"cc.PrefabInfo","root":{"__id__":1},"asset":{"__uuid__":"54E6mWZntNs7EwEvPD5kpA"},"fileId":"7debdk8YtBH47YxFwQ+l3L"},"_contentSize":{"__type__":"cc.Size","width":531,"height":649},"_position":{"__type__":"cc.Vec2","y":23}},{"__type__":"cc.Node","_name":"name_node","_parent":{"__id__":3},"_children":[{"__id__":5},{"__id__":6}],"_components":[{"__type__":"cc.ToggleContainer","node":{"__id__":4}},{"__type__":"cc.Widget","node":{"__id__":4},"_alignFlags":1,"_top":82.5}],"_prefab":{"__type__":"cc.PrefabInfo","root":{"__id__":1},"asset":{"__uuid__":"54E6mWZntNs7EwEvPD5kpA"},"fileId":"b0Jqtm+ctJNJPOaCmjWg5y"},"_contentSize":{"__type__":"cc.Size","width":400,"height":50},"_position":{"__type__":"cc.Vec2","y":217}},{"__type__":"cc.Node","_name":"least_tip","_parent":{"__id__":4},"_components":[{"__type__":"cc.Sprite","node":{"__id__":5},"_spriteFrame":{"__uuid__":"c86r0PhyVG6a4OrPAaTsjo"},"_sizeMode":0}],"_prefab":{"__type__":"cc.PrefabInfo","root":{"__id__":1},"asset":{"__uuid__":"54E6mWZntNs7EwEvPD5kpA"},"fileId":"f6Ti1VdcpI464SoVn0zKyZ"},"_contentSize":{"__type__":"cc.Size","width":50,"height":41},"_position":{"__type__":"cc.Vec2","x":-168}},{"__type__":"cc.Node","_name":"name_input","_parent":{"__id__":4},"_components":[{"__id__":7}],"_prefab":{"__type__":"cc.PrefabInfo","root":{"__id__":1},"asset":{"__uuid__":"54E6mWZntNs7EwEvPD5kpA"},"fileId":"7e+aHHCdZPnbezJBjF3Lfo"},"_contentSize":{"__type__":"cc.Size","width":268.2,"height":57.6},"_position":{"__type__":"cc.Vec2","x":58,"y":0.1}},{"__type__":"a0a1aK70nxAYIETevnKncbu","node":{"__id__":6},"_useOriginalSize":false,"_N$backgroundImage":{"__uuid__":"dbtDeYo4BLlY0pCQuOB+jZ"},"_N$inputMode":6,"_N$fontSize":28,"_N$lineHeight":30,"_N$fontColor":{"__type__":"cc.Color","r":38,"g":181,"b":241},"_N$placeholder":"请输入单注金额","_N$maxLength":8,"_N$textKey":"EditCreate_4"},{"__type__":"cc.Node","_name":"dice_node","_parent":{"__id__":3},"_children":[{"__id__":9},{"__id__":10},{"__id__":11},{"__id__":15},{"__id__":16}],"_components":[{"__type__":"cc.ToggleContainer","node":{"__id__":8}},{"__type__":"cc.Widget","node":{"__id__":8},"_alignFlags":1,"_top":163.5}],"_prefab":{"__type__":"cc.PrefabInfo","root":{"__id__":1},"asset":{"__uuid__":"54E6mWZntNs7EwEvPD5kpA"},"fileId":"cabVOo9LdGq6iOj/76h/GT"},"_contentSize":{"__type__":"cc.Size","width":400,"height":50},"_position":{"__type__":"cc.Vec2","y":136}},{"__type__":"cc.Node","_name":"dice_tip","_parent":{"__id__":8},"_components":[{"__type__":"cc.Sprite","node":{"__id__":9},"_spriteFrame":{"__uuid__":"c7MeUSYGxHCodO9ldALEpN"},"_sizeMode":0}],"_prefab":{"__type__":"cc.PrefabInfo","root":{"__id__":1},"asset":{"__uuid__":"54E6mWZntNs7EwEvPD5kpA"},"fileId":"d2F1Rb7KlCtp1v/CodUeAq"},"_contentSize":{"__type__":"cc.Size","width":58,"height":58},"_position":{"__type__":"cc.Vec2","x":-165,"y":-1}},{"__type__":"cc.Node","_name":"dice_tip","_parent":{"__id__":8},"_components":[{"__type__":"33366L8b2xN67F56E96bR/N","node":{"__id__":10},"_useOriginalSize":false,"_actualFontSize":28,"_fontSize":28,"_lineHeight":28,"_N$horizontalAlign":1,"_N$verticalAlign":1,"_string":"3个","_N$textKey":"CreateRoom_2"}],"_prefab":{"__type__":"cc.PrefabInfo","root":{"__id__":1},"asset":{"__uuid__":"54E6mWZntNs7EwEvPD5kpA"},"fileId":"2eN8fuowRLVKEwYRiRZVcS"},"_color":{"__type__":"cc.Color","r":255,"g":255},"_anchorPoint":{"__type__":"cc.Vec2","x":1,"y":0.5},"_contentSize":{"__type__":"cc.Size","width":16,"height":28},"_position":{"__type__":"cc.Vec2","x":-31}},{"__type__":"cc.Node","_name":"dice_3","_parent":{"__id__":8},"_children":[{"__id__":12},{"__id__":13}],"_components":[{"__type__":"cc.Toggle","node":{"__id__":11},"transition":3,"_N$target":{"__id__":12},"checkMark":{"__id__":14}}],"_prefab":{"__type__":"cc.PrefabInfo","root":{"__id__":1},"asset":{"__uuid__":"54E6mWZntNs7EwEvPD5kpA"},"fileId":"6eHzD8Fi5HwY/O71kawDIB"},"_contentSize":{"__type__":"cc.Size","width":28,"height":28}},{"__type__":"cc.Node","_name":"Background","_parent":{"__id__":11},"_components":[{"__type__":"cc.Sprite","node":{"__id__":12},"_spriteFrame":{"__uuid__":"68J8oyAQdFUrqy37MXmbtE"},"_sizeMode":0}],"_prefab":{"__type__":"cc.PrefabInfo","root":{"__id__":1},"asset":{"__uuid__":"54E6mWZntNs7EwEvPD5kpA"},"fileId":"99y+F13MdOcYcghCWOz0z6"},"_contentSize":{"__type__":"cc.Size","width":48,"height":48}},{"__type__":"cc.Node","_name":"checkmark","_parent":{"__id__":11},"_components":[{"__id__":14}],"_prefab":{"__type__":"cc.PrefabInfo","root":{"__id__":1},"asset":{"__uuid__":"54E6mWZntNs7EwEvPD5kpA"},"fileId":"12l2eRtJNE3IYmObh36zbA"},"_contentSize":{"__type__":"cc.Size","width":48,"height":48},"_position":{"__type__":"cc.Vec2","x":4,"y":7}},{"__type__":"cc.Sprite","node":{"__id__":13},"_spriteFrame":{"__uuid__":"90AErWL21A4ZPvtxQ3XG8G"},"_sizeMode":0},{"__type__":"cc.Node","_name":"dice_tip","_parent":{"__id__":8},"_components":[{"__type__":"33366L8b2xN67F56E96bR/N","node":{"__id__":15},"_useOriginalSize":false,"_actualFontSize":28,"_fontSize":28,"_lineHeight":28,"_N$horizontalAlign":1,"_N$verticalAlign":1,"_string":"6个","_N$textKey":"CreateRoom_3"}],"_prefab":{"__type__":"cc.PrefabInfo","root":{"__id__":1},"asset":{"__uuid__":"54E6mWZntNs7EwEvPD5kpA"},"fileId":"0enUkUIvJPJKgxW5jnqBC4"},"_color":{"__type__":"cc.Color","r":255,"g":255},"_anchorPoint":{"__type__":"cc.Vec2","x":1,"y":0.5},"_contentSize":{"__type__":"cc.Size","width":16,"height":28},"_position":{"__type__":"cc.Vec2","x":124}},{"__type__":"cc.Node","_name":"dice_5","_parent":{"__id__":8},"_children":[{"__id__":17},{"__id__":18}],"_components":[{"__id__":20}],"_prefab":{"__type__":"cc.PrefabInfo","root":{"__id__":1},"asset":{"__uuid__":"54E6mWZntNs7EwEvPD5kpA"},"fileId":"3c1OgiFFVDvLfQAiffKp7X"},"_contentSize":{"__type__":"cc.Size","width":48,"height":48},"_position":{"__type__":"cc.Vec2","x":148.8}},{"__type__":"cc.Node","_name":"Background","_parent":{"__id__":16},"_components":[{"__type__":"cc.Sprite","node":{"__id__":17},"_spriteFrame":{"__uuid__":"68J8oyAQdFUrqy37MXmbtE"},"_sizeMode":0}],"_prefab":{"__type__":"cc.PrefabInfo","root":{"__id__":1},"asset":{"__uuid__":"54E6mWZntNs7EwEvPD5kpA"},"fileId":"abTjQq1E1E8YbVAppZTTki"},"_contentSize":{"__type__":"cc.Size","width":48,"height":48}},{"__type__":"cc.Node","_name":"checkmark","_parent":{"__id__":16},"_active":false,"_components":[{"__id__":19}],"_prefab":{"__type__":"cc.PrefabInfo","root":{"__id__":1},"asset":{"__uuid__":"54E6mWZntNs7EwEvPD5kpA"},"fileId":"b57XDgtWdITYDPFhu1ygS+"},"_contentSize":{"__type__":"cc.Size","width":48,"height":48},"_position":{"__type__":"cc.Vec2","x":4,"y":7}},{"__type__":"cc.Sprite","node":{"__id__":18},"_spriteFrame":{"__uuid__":"90AErWL21A4ZPvtxQ3XG8G"},"_sizeMode":0},{"__type__":"cc.Toggle","node":{"__id__":16},"transition":3,"_N$target":{"__id__":17},"checkMark":{"__id__":19},"_N$isChecked":false},{"__type__":"cc.Node","_name":"man_node","_parent":{"__id__":3},"_children":[{"__id__":22},{"__id__":23}],"_components":[{"__type__":"cc.ToggleContainer","node":{"__id__":21}},{"__type__":"cc.Widget","node":{"__id__":21},"_alignFlags":1,"_top":245.5}],"_prefab":{"__type__":"cc.PrefabInfo","root":{"__id__":1},"asset":{"__uuid__":"54E6mWZntNs7EwEvPD5kpA"},"fileId":"27BLGOhYJGhLGAP7EwjQna"},"_contentSize":{"__type__":"cc.Size","width":400,"height":50},"_position":{"__type__":"cc.Vec2","y":54}},{"__type__":"cc.Node","_name":"man_tip","_parent":{"__id__":21},"_components":[{"__type__":"cc.Sprite","node":{"__id__":22},"_spriteFrame":{"__uuid__":"162VjxERhF75U4W4WDiO7E"},"_sizeMode":0}],"_prefab":{"__type__":"cc.PrefabInfo","root":{"__id__":1},"asset":{"__uuid__":"54E6mWZntNs7EwEvPD5kpA"},"fileId":"02VjHy6xNKConoD6KwEXPA"},"_contentSize":{"__type__":"cc.Size","width":50,"height":53},"_position":{"__type__":"cc.Vec2","x":-168,"y":-1}},{"__type__":"cc.Node","_name":"max_man","_parent":{"__id__":21},"_components":[{"__id__":24}],"_prefab":{"__type__":"cc.PrefabInfo","root":{"__id__":1},"asset":{"__uuid__":"54E6mWZntNs7EwEvPD5kpA"},"fileId":"11shkcMIBA6JWF3dKDDVVV"},"_contentSize":{"__type__":"cc.Size","width":264.2,"height":51.2},"_position":{"__type__":"cc.Vec2","x":58,"y":1.2}},{"__type__":"a0a1aK70nxAYIETevnKncbu","node":{"__id__":23},"_useOriginalSize":false,"_N$backgroundImage":{"__uuid__":"dbtDeYo4BLlY0pCQuOB+jZ"},"_N$inputMode":2,"_N$fontSize":28,"_N$lineHeight":30,"_N$fontColor":{"__type__":"cc.Color","r":38,"g":181,"b":241},"_N$placeholder":"请输入最大人数","_N$maxLength":8,"_N$textKey":"EditCreate_1"},{"__type__":"cc.Node","_name":"bet_node","_parent":{"__id__":3},"_children":[{"__id__":26},{"__id__":27}],"_components":[{"__type__":"cc.ToggleContainer","node":{"__id__":25}},{"__type__":"cc.Widget","node":{"__id__":25},"_alignFlags":1,"_top":326.5}],"_prefab":{"__type__":"cc.PrefabInfo","root":{"__id__":1},"asset":{"__uuid__":"54E6mWZntNs7EwEvPD5kpA"},"fileId":"ddT54loVFJW57lzGbmHe5M"},"_contentSize":{"__type__":"cc.Size","width":400,"height":50},"_position":{"__type__":"cc.Vec2","y":-27}},{"__type__":"cc.Node","_name":"least_tip","_parent":{"__id__":25},"_components":[{"__type__":"cc.Sprite","node":{"__id__":26},"_spriteFrame":{"__uuid__":"cb5rVj86FCK7af+wvssbCP"},"_sizeMode":0}],"_prefab":{"__type__":"cc.PrefabInfo","root":{"__id__":1},"asset":{"__uuid__":"54E6mWZntNs7EwEvPD5kpA"},"fileId":"1eX/5SFSJPW4+7ygFUXq5E"},"_contentSize":{"__type__":"cc.Size","width":60,"height":60},"_position":{"__type__":"cc.Vec2","x":-168}},{"__type__":"cc.Node","_name":"bet_input","_parent":{"__id__":25},"_components":[{"__id__":28}],"_prefab":{"__type__":"cc.PrefabInfo","root":{"__id__":1},"asset":{"__uuid__":"54E6mWZntNs7EwEvPD5kpA"},"fileId":"400knmK1ZCLJKa+nAKeLqk"},"_contentSize":{"__type__":"cc.Size","width":268.2,"height":57.6},"_position":{"__type__":"cc.Vec2","x":58,"y":0.1}},{"__type__":"a0a1aK70nxAYIETevnKncbu","node":{"__id__":27},"_useOriginalSize":false,"_N$backgroundImage":{"__uuid__":"dbtDeYo4BLlY0pCQuOB+jZ"},"_N$inputMode":5,"_N$fontSize":28,"_N$lineHeight":30,"_N$fontColor":{"__type__":"cc.Color","r":38,"g":181,"b":241},"_N$placeholder":"请输入单注金额","_N$maxLength":8,"_N$textKey":"EditCreate_2"},{"__type__":"cc.Node","_name":"pass_node","_parent":{"__id__":3},"_children":[{"__id__":30},{"__id__":31}],"_components":[{"__type__":"cc.ToggleContainer","node":{"__id__":29}},{"__type__":"cc.Widget","node":{"__id__":29},"_alignFlags":1,"_top":408.5}],"_prefab":{"__type__":"cc.PrefabInfo","root":{"__id__":1},"asset":{"__uuid__":"54E6mWZntNs7EwEvPD5kpA"},"fileId":"4aGTonmK9BB6XWjDQxKVcv"},"_contentSize":{"__type__":"cc.Size","width":400,"height":50},"_position":{"__type__":"cc.Vec2","y":-109}},{"__type__":"cc.Node","_name":"least_tip","_parent":{"__id__":29},"_components":[{"__type__":"33366L8b2xN67F56E96bR/N","node":{"__id__":30},"_useOriginalSize":false,"_actualFontSize":30,"_fontSize":30,"_lineHeight":30,"_N$horizontalAlign":1,"_N$overflow":2,"_N$textKey":"CreateRoom_6"}],"_prefab":{"__type__":"cc.PrefabInfo","root":{"__id__":1},"asset":{"__uuid__":"54E6mWZntNs7EwEvPD5kpA"},"fileId":"a7m8glXiRMuorVlMiMiikw"},"_contentSize":{"__type__":"cc.Size","width":140,"height":30},"_position":{"__type__":"cc.Vec2","x":-168}},{"__type__":"cc.Node","_name":"pass_input","_parent":{"__id__":29},"_components":[{"__id__":32}],"_prefab":{"__type__":"cc.PrefabInfo","root":{"__id__":1},"asset":{"__uuid__":"54E6mWZntNs7EwEvPD5kpA"},"fileId":"a4btYSS5pP+pmdgDStfC85"},"_contentSize":{"__type__":"cc.Size","width":268.2,"height":57.6},"_position":{"__type__":"cc.Vec2","x":58,"y":0.1}},{"__type__":"a0a1aK70nxAYIETevnKncbu","node":{"__id__":31},"_useOriginalSize":false,"_N$backgroundImage":{"__uuid__":"dbtDeYo4BLlY0pCQuOB+jZ"},"_N$inputMode":5,"_N$fontSize":28,"_N$lineHeight":30,"_N$fontColor":{"__type__":"cc.Color","r":38,"g":181,"b":241},"_N$placeholder":"请输入单注金额","_N$maxLength":8,"_N$textKey":"EditCreate_3"},{"__type__":"cc.Node","_name":"btn_cancel","_parent":{"__id__":3},"_children":[{"__id__":34}],"_components":[{"__type__":"cc.Sprite","node":{"__id__":33},"_spriteFrame":{"__uuid__":"44B/7Ey31ABKuAtA2k0gSw"},"_type":1,"_sizeMode":0},{"__type__":"cc.Button","node":{"__id__":33},"transition":3,"zoomScale":1.1,"clickEvents":[{"__type__":"cc.ClickEvent","target":{"__id__":1},"component":"CreateRoom","handler":"onClickCancel"}],"_N$target":{"__id__":33}},{"__type__":"cc.Widget","node":{"__id__":33},"_alignFlags":4,"_bottom":50}],"_prefab":{"__type__":"cc.PrefabInfo","root":{"__id__":1},"asset":{"__uuid__":"54E6mWZntNs7EwEvPD5kpA"},"fileId":"aeYuF6sFNLvqS6MZqG2/Q6"},"_contentSize":{"__type__":"cc.Size","width":142,"height":60},"_position":{"__type__":"cc.Vec2","x":-110,"y":-244.5}},{"__type__":"cc.Node","_name":"New Node","_parent":{"__id__":33},"_components":[{"__type__":"33366L8b2xN67F56E96bR/N","node":{"__id__":34},"_useOriginalSize":false,"_actualFontSize":30,"_fontSize":30,"_lineHeight":34,"_N$horizontalAlign":1,"_N$overflow":2,"_N$textKey":"Dialog_2"}],"_prefab":{"__type__":"cc.PrefabInfo","root":{"__id__":1},"asset":{"__uuid__":"54E6mWZntNs7EwEvPD5kpA"},"fileId":"b0r3PkE45KxInfLiGIpeu+"},"_contentSize":{"__type__":"cc.Size","width":110,"height":34}},{"__type__":"cc.Node","_name":"btn_sure","_parent":{"__id__":3},"_children":[{"__id__":36}],"_components":[{"__type__":"cc.Sprite","node":{"__id__":35},"_spriteFrame":{"__uuid__":"8enDtdm85I07+skqCrU3pJ"},"_type":1,"_sizeMode":0},{"__type__":"cc.Button","node":{"__id__":35},"transition":3,"zoomScale":1.1,"clickEvents":[{"__type__":"cc.ClickEvent","target":{"__id__":1},"component":"CreateRoom","handler":"onClickSure"}],"_N$target":{"__id__":35}},{"__type__":"cc.Widget","node":{"__id__":35},"_alignFlags":4,"_bottom":50}],"_prefab":{"__type__":"cc.PrefabInfo","root":{"__id__":1},"asset":{"__uuid__":"54E6mWZntNs7EwEvPD5kpA"},"fileId":"43Vi+XUUxNBYBEEDmQKqLC"},"_contentSize":{"__type__":"cc.Size","width":142,"height":60},"_position":{"__type__":"cc.Vec2","x":110,"y":-244.5}},{"__type__":"cc.Node","_name":"New Node","_parent":{"__id__":35},"_components":[{"__type__":"33366L8b2xN67F56E96bR/N","node":{"__id__":36},"_useOriginalSize":false,"_actualFontSize":30,"_fontSize":30,"_lineHeight":34,"_N$horizontalAlign":1,"_N$overflow":2,"_N$textKey":"Dialog_1"}],"_prefab":{"__type__":"cc.PrefabInfo","root":{"__id__":1},"asset":{"__uuid__":"54E6mWZntNs7EwEvPD5kpA"},"fileId":"44oTnaWzRLHJf7Y5/lnywl"},"_contentSize":{"__type__":"cc.Size","width":110,"height":34}}]