[{"__type__":"cc.Prefab","_name":"player_item","data":{"__id__":1}},{"__type__":"cc.Node","_name":"player_item","_children":[{"__id__":2},{"__id__":10},{"__id__":21},{"__id__":32},{"__id__":34}],"_components":[{"__type__":"bcec7rZAsVEx6/tT3YVivJC","node":{"__id__":1},"IdLabel":{"__id__":33},"headIcon":{"__id__":4},"headBorder":{"__id__":6},"betTimer":{"__id__":9},"diceParent":{"__id__":10},"myDiceParent":{"__id__":21},"winLabel":{"__id__":35},"winAudio":{"__uuid__":"556JnVocZD+IQ8JESXkuZy"},"loseAudio":{"__uuid__":"23U5mQkwhKva/WEkoKHOax"}}],"_prefab":{"__type__":"cc.PrefabInfo","root":{"__id__":1},"asset":{"__uuid__":"54m/a0JaRE5rT494ZXC8Ps"},"fileId":"4dFmsCVjtDNo/wq1jtj16+"}},{"__type__":"cc.Node","_name":"head_node","_parent":{"__id__":1},"_children":[{"__id__":3},{"__id__":5},{"__id__":7}],"_prefab":{"__type__":"cc.PrefabInfo","root":{"__id__":1},"asset":{"__uuid__":"54m/a0JaRE5rT494ZXC8Ps"},"fileId":"d0BsqPdRhMMZLY7LIQF7WK"}},{"__type__":"cc.Node","_name":"common_head_icon","_parent":{"__id__":2},"_components":[{"__id__":4}],"_prefab":{"__type__":"cc.PrefabInfo","root":{"__id__":1},"asset":{"__uuid__":"54m/a0JaRE5rT494ZXC8Ps"},"fileId":"5e5wvARy1N7KZq//S8bELt"},"_contentSize":{"__type__":"cc.Size","width":90,"height":90}},{"__type__":"cc.Sprite","node":{"__id__":3},"_spriteFrame":{"__uuid__":"3cDW7SDItGHawFHAAb6MYY"}},{"__type__":"cc.Node","_name":"common_head_border","_parent":{"__id__":2},"_components":[{"__id__":6}],"_prefab":{"__type__":"cc.PrefabInfo","root":{"__id__":1},"asset":{"__uuid__":"54m/a0JaRE5rT494ZXC8Ps"},"fileId":"9e8otsmDpDVaNebqKSCKxH"},"_contentSize":{"__type__":"cc.Size","width":105,"height":105}},{"__type__":"cc.Sprite","node":{"__id__":5},"_spriteFrame":{"__uuid__":"b6MySBRgxOFZVsdiZfzzHD"}},{"__type__":"cc.Node","_name":"timer_bar","_parent":{"__id__":2},"_components":[{"__id__":8},{"__id__":9}],"_prefab":{"__type__":"cc.PrefabInfo","root":{"__id__":1},"asset":{"__uuid__":"54m/a0JaRE5rT494ZXC8Ps"},"fileId":"1fGk+VsZFLmLxOZR8qRx2Z"},"_contentSize":{"__type__":"cc.Size","width":112,"height":113},"_scaleX":1.16,"_scaleY":1.16},{"__type__":"cc.Sprite","node":{"__id__":7},"_spriteFrame":{"__uuid__":"5e2R6IkmxPnorT5VC0Si53"},"_type":3,"_fillType":2,"_fillCenter":{"__type__":"cc.Vec2","x":0.5,"y":0.5},"_fillStart":0.27,"_fillRange":1},{"__type__":"cc.ProgressBar","node":{"__id__":7},"_N$barSprite":{"__id__":8},"_N$mode":2},{"__type__":"cc.Node","_name":"dice_list","_parent":{"__id__":1},"_children":[{"__id__":11},{"__id__":13},{"__id__":15},{"__id__":17},{"__id__":19}],"_active":false,"_components":[{"__type__":"cc.Layout","node":{"__id__":10},"_layoutSize":{"__type__":"cc.Size","width":83,"height":52},"_resize":1,"_N$layoutType":3,"_N$spacingX":2}],"_prefab":{"__type__":"cc.PrefabInfo","root":{"__id__":1},"asset":{"__uuid__":"54m/a0JaRE5rT494ZXC8Ps"},"fileId":"c1ETgZ+3ZNJrvtDEv5kJ1Q"},"_contentSize":{"__type__":"cc.Size","width":83,"height":52},"_position":{"__type__":"cc.Vec2","y":100}},{"__type__":"cc.Node","_name":"dice_1","_parent":{"__id__":10},"_children":[{"__id__":12}],"_components":[{"__type__":"cc.Sprite","node":{"__id__":11},"_spriteFrame":{"__uuid__":"21SwomZAtN6aeJbyDYRryj"},"_type":1}],"_prefab":{"__type__":"cc.PrefabInfo","root":{"__id__":1},"asset":{"__uuid__":"54m/a0JaRE5rT494ZXC8Ps"},"fileId":"00FAV3p1lEh6LRNJdMRGy6"},"_contentSize":{"__type__":"cc.Size","width":26,"height":26},"_position":{"__type__":"cc.Vec2","x":-28.5,"y":13}},{"__type__":"cc.Node","_name":"num","_parent":{"__id__":11},"_components":[{"__type__":"33366L8b2xN67F56E96bR/N","node":{"__id__":12},"_useOriginalSize":false,"_actualFontSize":20,"_fontSize":20,"_lineHeight":20,"_N$horizontalAlign":1,"_N$verticalAlign":1,"_string":"6","_N$textKey":""}],"_prefab":{"__type__":"cc.PrefabInfo","root":{"__id__":1},"asset":{"__uuid__":"54m/a0JaRE5rT494ZXC8Ps"},"fileId":"58bc2b9DpFzYGnZpwpsmq1"},"_color":{"__type__":"cc.Color","r":31,"g":255,"b":163},"_contentSize":{"__type__":"cc.Size","width":11,"height":20}},{"__type__":"cc.Node","_name":"dice_2","_parent":{"__id__":10},"_children":[{"__id__":14}],"_components":[{"__type__":"cc.Sprite","node":{"__id__":13},"_spriteFrame":{"__uuid__":"21SwomZAtN6aeJbyDYRryj"},"_type":1}],"_prefab":{"__type__":"cc.PrefabInfo","root":{"__id__":1},"asset":{"__uuid__":"54m/a0JaRE5rT494ZXC8Ps"},"fileId":"68ZBeI86hJjoCs8anOil+W"},"_contentSize":{"__type__":"cc.Size","width":26,"height":26},"_position":{"__type__":"cc.Vec2","x":-0.5,"y":13}},{"__type__":"cc.Node","_name":"num","_parent":{"__id__":13},"_components":[{"__type__":"33366L8b2xN67F56E96bR/N","node":{"__id__":14},"_useOriginalSize":false,"_actualFontSize":20,"_fontSize":20,"_lineHeight":20,"_N$horizontalAlign":1,"_N$verticalAlign":1,"_string":"6","_N$textKey":""}],"_prefab":{"__type__":"cc.PrefabInfo","root":{"__id__":1},"asset":{"__uuid__":"54m/a0JaRE5rT494ZXC8Ps"},"fileId":"ebptYbnutJIYrCAPBzyQ/v"},"_color":{"__type__":"cc.Color","r":31,"g":255,"b":163},"_contentSize":{"__type__":"cc.Size","width":11,"height":20}},{"__type__":"cc.Node","_name":"dice_3","_parent":{"__id__":10},"_children":[{"__id__":16}],"_components":[{"__type__":"cc.Sprite","node":{"__id__":15},"_spriteFrame":{"__uuid__":"21SwomZAtN6aeJbyDYRryj"},"_type":1}],"_prefab":{"__type__":"cc.PrefabInfo","root":{"__id__":1},"asset":{"__uuid__":"54m/a0JaRE5rT494ZXC8Ps"},"fileId":"1boiH3Gw9F44o9gq9lSKdk"},"_contentSize":{"__type__":"cc.Size","width":26,"height":26},"_position":{"__type__":"cc.Vec2","x":27.5,"y":13}},{"__type__":"cc.Node","_name":"num","_parent":{"__id__":15},"_components":[{"__type__":"33366L8b2xN67F56E96bR/N","node":{"__id__":16},"_useOriginalSize":false,"_actualFontSize":20,"_fontSize":20,"_lineHeight":20,"_N$horizontalAlign":1,"_N$verticalAlign":1,"_string":"6","_N$textKey":""}],"_prefab":{"__type__":"cc.PrefabInfo","root":{"__id__":1},"asset":{"__uuid__":"54m/a0JaRE5rT494ZXC8Ps"},"fileId":"aa/X6TJE1DMKe5y1KhjI0i"},"_color":{"__type__":"cc.Color","r":31,"g":255,"b":163},"_contentSize":{"__type__":"cc.Size","width":11,"height":20}},{"__type__":"cc.Node","_name":"dice_4","_parent":{"__id__":10},"_children":[{"__id__":18}],"_components":[{"__type__":"cc.Sprite","node":{"__id__":17},"_spriteFrame":{"__uuid__":"21SwomZAtN6aeJbyDYRryj"},"_type":1}],"_prefab":{"__type__":"cc.PrefabInfo","root":{"__id__":1},"asset":{"__uuid__":"54m/a0JaRE5rT494ZXC8Ps"},"fileId":"7fgC31p7NLtbRH3rFh0enw"},"_contentSize":{"__type__":"cc.Size","width":26,"height":26},"_position":{"__type__":"cc.Vec2","x":-28.5,"y":-13}},{"__type__":"cc.Node","_name":"num","_parent":{"__id__":17},"_components":[{"__type__":"33366L8b2xN67F56E96bR/N","node":{"__id__":18},"_useOriginalSize":false,"_actualFontSize":20,"_fontSize":20,"_lineHeight":20,"_N$horizontalAlign":1,"_N$verticalAlign":1,"_string":"6","_N$textKey":""}],"_prefab":{"__type__":"cc.PrefabInfo","root":{"__id__":1},"asset":{"__uuid__":"54m/a0JaRE5rT494ZXC8Ps"},"fileId":"dblezcCqFDUYM4G0t3RROx"},"_color":{"__type__":"cc.Color","r":31,"g":255,"b":163},"_contentSize":{"__type__":"cc.Size","width":11,"height":20}},{"__type__":"cc.Node","_name":"dice_5","_parent":{"__id__":10},"_children":[{"__id__":20}],"_components":[{"__type__":"cc.Sprite","node":{"__id__":19},"_spriteFrame":{"__uuid__":"21SwomZAtN6aeJbyDYRryj"},"_type":1}],"_prefab":{"__type__":"cc.PrefabInfo","root":{"__id__":1},"asset":{"__uuid__":"54m/a0JaRE5rT494ZXC8Ps"},"fileId":"81Z1q3+KZJSriB+2z8T2nB"},"_contentSize":{"__type__":"cc.Size","width":26,"height":26},"_position":{"__type__":"cc.Vec2","x":-0.5,"y":-13}},{"__type__":"cc.Node","_name":"num","_parent":{"__id__":19},"_components":[{"__type__":"33366L8b2xN67F56E96bR/N","node":{"__id__":20},"_useOriginalSize":false,"_actualFontSize":20,"_fontSize":20,"_lineHeight":20,"_N$horizontalAlign":1,"_N$verticalAlign":1,"_string":"6","_N$textKey":""}],"_prefab":{"__type__":"cc.PrefabInfo","root":{"__id__":1},"asset":{"__uuid__":"54m/a0JaRE5rT494ZXC8Ps"},"fileId":"51qbSxJeRKP6I3dU0lzrX9"},"_color":{"__type__":"cc.Color","r":31,"g":255,"b":163},"_contentSize":{"__type__":"cc.Size","width":11,"height":20}},{"__type__":"cc.Node","_name":"my_dice","_parent":{"__id__":1},"_children":[{"__id__":22},{"__id__":24},{"__id__":26},{"__id__":28},{"__id__":30}],"_active":false,"_components":[{"__type__":"cc.Layout","node":{"__id__":21},"_layoutSize":{"__type__":"cc.Size","width":183,"height":40},"_resize":1,"_N$layoutType":1,"_N$spacingX":2}],"_prefab":{"__type__":"cc.PrefabInfo","root":{"__id__":1},"asset":{"__uuid__":"54m/a0JaRE5rT494ZXC8Ps"},"fileId":"89rkMWob5EEL9l439QlIsj"},"_contentSize":{"__type__":"cc.Size","width":183,"height":40},"_position":{"__type__":"cc.Vec2","y":90}},{"__type__":"cc.Node","_name":"dice_1","_parent":{"__id__":21},"_children":[{"__id__":23}],"_components":[{"__type__":"cc.Sprite","node":{"__id__":22},"_spriteFrame":{"__uuid__":"21SwomZAtN6aeJbyDYRryj"},"_type":1,"_sizeMode":0}],"_prefab":{"__type__":"cc.PrefabInfo","root":{"__id__":1},"asset":{"__uuid__":"54m/a0JaRE5rT494ZXC8Ps"},"fileId":"8bGtuomyZAAa+GWWAqa3A8"},"_contentSize":{"__type__":"cc.Size","width":35,"height":35},"_position":{"__type__":"cc.Vec2","x":-74}},{"__type__":"cc.Node","_name":"num","_parent":{"__id__":22},"_components":[{"__type__":"33366L8b2xN67F56E96bR/N","node":{"__id__":23},"_useOriginalSize":false,"_actualFontSize":30,"_fontSize":30,"_lineHeight":34,"_N$horizontalAlign":1,"_N$verticalAlign":1,"_string":"6","_N$textKey":""}],"_prefab":{"__type__":"cc.PrefabInfo","root":{"__id__":1},"asset":{"__uuid__":"54m/a0JaRE5rT494ZXC8Ps"},"fileId":"66cRstnQZOhppT53P4rqfV"},"_color":{"__type__":"cc.Color","r":31,"g":255,"b":163},"_contentSize":{"__type__":"cc.Size","width":17,"height":34}},{"__type__":"cc.Node","_name":"dice_2","_parent":{"__id__":21},"_children":[{"__id__":25}],"_components":[{"__type__":"cc.Sprite","node":{"__id__":24},"_spriteFrame":{"__uuid__":"21SwomZAtN6aeJbyDYRryj"},"_type":1,"_sizeMode":0}],"_prefab":{"__type__":"cc.PrefabInfo","root":{"__id__":1},"asset":{"__uuid__":"54m/a0JaRE5rT494ZXC8Ps"},"fileId":"51omWC4vlAAIb6dgEMKNq3"},"_contentSize":{"__type__":"cc.Size","width":35,"height":35},"_position":{"__type__":"cc.Vec2","x":-37}},{"__type__":"cc.Node","_name":"num","_parent":{"__id__":24},"_components":[{"__type__":"33366L8b2xN67F56E96bR/N","node":{"__id__":25},"_useOriginalSize":false,"_actualFontSize":30,"_fontSize":30,"_lineHeight":34,"_N$horizontalAlign":1,"_N$verticalAlign":1,"_string":"6","_N$textKey":""}],"_prefab":{"__type__":"cc.PrefabInfo","root":{"__id__":1},"asset":{"__uuid__":"54m/a0JaRE5rT494ZXC8Ps"},"fileId":"9fzoHGsBdJlK+fUoEyG9Aw"},"_color":{"__type__":"cc.Color","r":31,"g":255,"b":163},"_contentSize":{"__type__":"cc.Size","width":17,"height":34}},{"__type__":"cc.Node","_name":"dice_3","_parent":{"__id__":21},"_children":[{"__id__":27}],"_components":[{"__type__":"cc.Sprite","node":{"__id__":26},"_spriteFrame":{"__uuid__":"21SwomZAtN6aeJbyDYRryj"},"_type":1,"_sizeMode":0}],"_prefab":{"__type__":"cc.PrefabInfo","root":{"__id__":1},"asset":{"__uuid__":"54m/a0JaRE5rT494ZXC8Ps"},"fileId":"ffk4wuQERCZ6cbhTENoZHf"},"_contentSize":{"__type__":"cc.Size","width":35,"height":35}},{"__type__":"cc.Node","_name":"num","_parent":{"__id__":26},"_components":[{"__type__":"33366L8b2xN67F56E96bR/N","node":{"__id__":27},"_useOriginalSize":false,"_actualFontSize":30,"_fontSize":30,"_lineHeight":34,"_N$horizontalAlign":1,"_N$verticalAlign":1,"_string":"6","_N$textKey":""}],"_prefab":{"__type__":"cc.PrefabInfo","root":{"__id__":1},"asset":{"__uuid__":"54m/a0JaRE5rT494ZXC8Ps"},"fileId":"f5NzwtB/hLLbHHy+tgixcr"},"_color":{"__type__":"cc.Color","r":31,"g":255,"b":163},"_contentSize":{"__type__":"cc.Size","width":17,"height":34}},{"__type__":"cc.Node","_name":"dice_4","_parent":{"__id__":21},"_children":[{"__id__":29}],"_components":[{"__type__":"cc.Sprite","node":{"__id__":28},"_spriteFrame":{"__uuid__":"21SwomZAtN6aeJbyDYRryj"},"_type":1,"_sizeMode":0}],"_prefab":{"__type__":"cc.PrefabInfo","root":{"__id__":1},"asset":{"__uuid__":"54m/a0JaRE5rT494ZXC8Ps"},"fileId":"d1mk4Y/sxPGKUVvNw6DdHJ"},"_contentSize":{"__type__":"cc.Size","width":35,"height":35},"_position":{"__type__":"cc.Vec2","x":37}},{"__type__":"cc.Node","_name":"num","_parent":{"__id__":28},"_components":[{"__type__":"33366L8b2xN67F56E96bR/N","node":{"__id__":29},"_useOriginalSize":false,"_actualFontSize":30,"_fontSize":30,"_lineHeight":34,"_N$horizontalAlign":1,"_N$verticalAlign":1,"_string":"6","_N$textKey":""}],"_prefab":{"__type__":"cc.PrefabInfo","root":{"__id__":1},"asset":{"__uuid__":"54m/a0JaRE5rT494ZXC8Ps"},"fileId":"3aepT/JLhK+bmN1vSOf0md"},"_color":{"__type__":"cc.Color","r":31,"g":255,"b":163},"_contentSize":{"__type__":"cc.Size","width":17,"height":34}},{"__type__":"cc.Node","_name":"dice_5","_parent":{"__id__":21},"_children":[{"__id__":31}],"_components":[{"__type__":"cc.Sprite","node":{"__id__":30},"_spriteFrame":{"__uuid__":"21SwomZAtN6aeJbyDYRryj"},"_type":1,"_sizeMode":0}],"_prefab":{"__type__":"cc.PrefabInfo","root":{"__id__":1},"asset":{"__uuid__":"54m/a0JaRE5rT494ZXC8Ps"},"fileId":"95/gvAauFCi63CHm0U+u+N"},"_contentSize":{"__type__":"cc.Size","width":35,"height":35},"_position":{"__type__":"cc.Vec2","x":74}},{"__type__":"cc.Node","_name":"num","_parent":{"__id__":30},"_components":[{"__type__":"33366L8b2xN67F56E96bR/N","node":{"__id__":31},"_useOriginalSize":false,"_actualFontSize":30,"_fontSize":30,"_lineHeight":34,"_N$horizontalAlign":1,"_N$verticalAlign":1,"_string":"6","_N$textKey":""}],"_prefab":{"__type__":"cc.PrefabInfo","root":{"__id__":1},"asset":{"__uuid__":"54m/a0JaRE5rT494ZXC8Ps"},"fileId":"723hPi2PRMUZkuAdK+XTpN"},"_color":{"__type__":"cc.Color","r":31,"g":255,"b":163},"_contentSize":{"__type__":"cc.Size","width":17,"height":34}},{"__type__":"cc.Node","_name":"id_label","_parent":{"__id__":1},"_components":[{"__id__":33}],"_prefab":{"__type__":"cc.PrefabInfo","root":{"__id__":1},"asset":{"__uuid__":"54m/a0JaRE5rT494ZXC8Ps"},"fileId":"87z9x0u4pMYYzttJaOjkXI"},"_contentSize":{"__type__":"cc.Size","width":70,"height":20},"_position":{"__type__":"cc.Vec2","y":-25}},{"__type__":"33366L8b2xN67F56E96bR/N","node":{"__id__":32},"_useOriginalSize":false,"_actualFontSize":16,"_fontSize":16,"_lineHeight":20,"_N$horizontalAlign":1,"_N$verticalAlign":1,"_N$overflow":3,"_N$textKey":""},{"__type__":"cc.Node","_name":"win_label","_parent":{"__id__":1},"_components":[{"__id__":35}],"_prefab":{"__type__":"cc.PrefabInfo","root":{"__id__":1},"asset":{"__uuid__":"54m/a0JaRE5rT494ZXC8Ps"},"fileId":"40z17s6rZBwb0I/3DYNfav"},"_color":{"__type__":"cc.Color","r":31,"g":255,"b":163},"_contentSize":{"__type__":"cc.Size","height":30}},{"__type__":"33366L8b2xN67F56E96bR/N","node":{"__id__":34},"_useOriginalSize":false,"_actualFontSize":30,"_fontSize":30,"_lineHeight":30,"_N$horizontalAlign":1,"_N$verticalAlign":1,"_N$textKey":""}]