[{"__type__":"cc.Prefab","_name":"change_name","data":{"__id__":1}},{"__type__":"cc.Node","_name":"change_name","_children":[{"__id__":2},{"__id__":3}],"_components":[{"__type__":"cc.Widget","node":{"__id__":1},"_alignFlags":45},{"__type__":"fbcda3ildRDWYsVKu9du8y/","node":{"__id__":1},"nameEditBox":{"__id__":8}}],"_prefab":{"__type__":"cc.PrefabInfo","root":{"__id__":1},"asset":{"__uuid__":"a2QR68ygdD6ImPwIMT2kCA"},"fileId":"c2oBTRoVxLGqaqMb0CnJ04"},"_contentSize":{"__type__":"cc.Size","width":720,"height":1280},"_position":{"__type__":"cc.Vec2","x":360,"y":640}},{"__type__":"cc.Node","_name":"mask","_parent":{"__id__":1},"_components":[{"__type__":"cc.Sprite","node":{"__id__":2},"_spriteFrame":{"__uuid__":"0bP79embZA9o41gZiG1S47"},"_type":1,"_sizeMode":0},{"__type__":"cc.Button","node":{"__id__":2},"pressedColor":{"__type__":"cc.Color","r":255,"g":255,"b":255},"_N$normalColor":{"__type__":"cc.Color","r":255,"g":255,"b":255},"_N$disabledColor":{"__type__":"cc.Color","r":255,"g":255,"b":255},"_N$normalSprite":{"__uuid__":"f0BIwQ8D5Ml7nTNQbh1YlS"},"_N$pressedSprite":{"__uuid__":"e97GVMl6JHh5Ml5qEDdSGa"},"pressedSprite":{"__uuid__":"e97GVMl6JHh5Ml5qEDdSGa"},"_N$hoverSprite":{"__uuid__":"e97GVMl6JHh5Ml5qEDdSGa"},"hoverSprite":{"__uuid__":"e97GVMl6JHh5Ml5qEDdSGa"},"_N$disabledSprite":{"__uuid__":"29FYIk+N1GYaeWH/q1NxQO"},"_N$target":{"__id__":2}},{"__type__":"cc.Widget","node":{"__id__":2},"_alignFlags":45,"_originalWidth":100,"_originalHeight":40}],"_prefab":{"__type__":"cc.PrefabInfo","root":{"__id__":1},"asset":{"__uuid__":"a2QR68ygdD6ImPwIMT2kCA"},"fileId":"237Q9BZs9GFLJFA2Ocau3T"},"_opacity":200,"_color":{"__type__":"cc.Color"},"_contentSize":{"__type__":"cc.Size","width":720,"height":1280}},{"__type__":"cc.Node","_name":"dialog_bg","_parent":{"__id__":1},"_children":[{"__id__":4},{"__id__":5},{"__id__":9},{"__id__":11}],"_components":[{"__type__":"cc.Sprite","node":{"__id__":3},"_spriteFrame":{"__uuid__":"a26c4jsllCt7C02ycLzv1d"},"_sizeMode":0}],"_prefab":{"__type__":"cc.PrefabInfo","root":{"__id__":1},"asset":{"__uuid__":"a2QR68ygdD6ImPwIMT2kCA"},"fileId":"a0kxquYE9HcoG0L7FWabK+"},"_contentSize":{"__type__":"cc.Size","width":531,"height":400},"_position":{"__type__":"cc.Vec2","y":23}},{"__type__":"cc.Node","_name":"title","_parent":{"__id__":3},"_components":[{"__type__":"33366L8b2xN67F56E96bR/N","node":{"__id__":4},"_useOriginalSize":false,"_N$textKey":"ChangeName_1"},{"__type__":"cc.Widget","node":{"__id__":4},"_alignFlags":1,"_top":46}],"_prefab":{"__type__":"cc.PrefabInfo","root":{"__id__":1},"asset":{"__uuid__":"a2QR68ygdD6ImPwIMT2kCA"},"fileId":"8eVMsUGW5HIZDoohVcfmfm"},"_contentSize":{"__type__":"cc.Size","width":200,"height":40},"_position":{"__type__":"cc.Vec2","y":134}},{"__type__":"cc.Node","_name":"name_node","_parent":{"__id__":3},"_children":[{"__id__":6},{"__id__":7}],"_components":[{"__type__":"cc.ToggleContainer","node":{"__id__":5}},{"__type__":"cc.Widget","node":{"__id__":5},"_alignFlags":1,"_top":155}],"_prefab":{"__type__":"cc.PrefabInfo","root":{"__id__":1},"asset":{"__uuid__":"a2QR68ygdD6ImPwIMT2kCA"},"fileId":"e8F8g5rSxFaZRMhxqsEB4A"},"_contentSize":{"__type__":"cc.Size","width":500,"height":50},"_position":{"__type__":"cc.Vec2","y":20}},{"__type__":"cc.Node","_name":"man_tip","_parent":{"__id__":5},"_components":[{"__type__":"cc.Sprite","node":{"__id__":6},"_spriteFrame":{"__uuid__":"162VjxERhF75U4W4WDiO7E"},"_sizeMode":0}],"_prefab":{"__type__":"cc.PrefabInfo","root":{"__id__":1},"asset":{"__uuid__":"a2QR68ygdD6ImPwIMT2kCA"},"fileId":"10mhR7nRhPyLK9t0Vg33O8"},"_contentSize":{"__type__":"cc.Size","width":50,"height":53},"_position":{"__type__":"cc.Vec2","x":-186,"y":-1}},{"__type__":"cc.Node","_name":"name_edit","_parent":{"__id__":5},"_components":[{"__id__":8}],"_prefab":{"__type__":"cc.PrefabInfo","root":{"__id__":1},"asset":{"__uuid__":"a2QR68ygdD6ImPwIMT2kCA"},"fileId":"a2iSfDkdFN44ADKynikN+O"},"_contentSize":{"__type__":"cc.Size","width":330,"height":51.2},"_position":{"__type__":"cc.Vec2","x":43,"y":1}},{"__type__":"a0a1aK70nxAYIETevnKncbu","node":{"__id__":7},"_useOriginalSize":false,"_N$backgroundImage":{"__uuid__":"dbtDeYo4BLlY0pCQuOB+jZ"},"_N$inputMode":6,"_N$fontSize":28,"_N$lineHeight":30,"_N$fontColor":{"__type__":"cc.Color","r":38,"g":181,"b":241},"_N$placeholder":"请输入最大人数","_N$maxLength":16,"_N$textKey":"EditChangeName_1"},{"__type__":"cc.Node","_name":"btn_cancel","_parent":{"__id__":3},"_children":[{"__id__":10}],"_components":[{"__type__":"cc.Sprite","node":{"__id__":9},"_spriteFrame":{"__uuid__":"44B/7Ey31ABKuAtA2k0gSw"},"_type":1,"_sizeMode":0},{"__type__":"cc.Button","node":{"__id__":9},"transition":3,"zoomScale":1.1,"clickEvents":[{"__type__":"cc.ClickEvent","target":{"__id__":1},"component":"ChangeName","handler":"onClickCancel"}],"_N$target":{"__id__":9}},{"__type__":"cc.Widget","node":{"__id__":9},"_alignFlags":4,"_bottom":50}],"_prefab":{"__type__":"cc.PrefabInfo","root":{"__id__":1},"asset":{"__uuid__":"a2QR68ygdD6ImPwIMT2kCA"},"fileId":"81hcHUpMlCEbMbMwe5gvRv"},"_contentSize":{"__type__":"cc.Size","width":142,"height":60},"_position":{"__type__":"cc.Vec2","x":-110,"y":-120}},{"__type__":"cc.Node","_name":"New Node","_parent":{"__id__":9},"_components":[{"__type__":"33366L8b2xN67F56E96bR/N","node":{"__id__":10},"_useOriginalSize":false,"_actualFontSize":30,"_fontSize":30,"_lineHeight":34,"_N$horizontalAlign":1,"_N$overflow":2,"_N$textKey":"Dialog_2"}],"_prefab":{"__type__":"cc.PrefabInfo","root":{"__id__":1},"asset":{"__uuid__":"a2QR68ygdD6ImPwIMT2kCA"},"fileId":"8dWZJWDnVMJ7bkaePVdgIa"},"_contentSize":{"__type__":"cc.Size","width":110,"height":34}},{"__type__":"cc.Node","_name":"btn_sure","_parent":{"__id__":3},"_children":[{"__id__":12}],"_components":[{"__type__":"cc.Sprite","node":{"__id__":11},"_spriteFrame":{"__uuid__":"8enDtdm85I07+skqCrU3pJ"},"_type":1,"_sizeMode":0},{"__type__":"cc.Button","node":{"__id__":11},"transition":3,"zoomScale":1.1,"clickEvents":[{"__type__":"cc.ClickEvent","target":{"__id__":1},"component":"ChangeName","handler":"onClickChange"}],"_N$target":{"__id__":11}},{"__type__":"cc.Widget","node":{"__id__":11},"_alignFlags":4,"_bottom":50}],"_prefab":{"__type__":"cc.PrefabInfo","root":{"__id__":1},"asset":{"__uuid__":"a2QR68ygdD6ImPwIMT2kCA"},"fileId":"8dpVOlNXdHNJk38zybDsCc"},"_contentSize":{"__type__":"cc.Size","width":142,"height":60},"_position":{"__type__":"cc.Vec2","x":110,"y":-120}},{"__type__":"cc.Node","_name":"New Node","_parent":{"__id__":11},"_components":[{"__type__":"33366L8b2xN67F56E96bR/N","node":{"__id__":12},"_useOriginalSize":false,"_actualFontSize":30,"_fontSize":30,"_lineHeight":34,"_N$horizontalAlign":1,"_N$overflow":2,"_N$textKey":"Dialog_1"}],"_prefab":{"__type__":"cc.PrefabInfo","root":{"__id__":1},"asset":{"__uuid__":"a2QR68ygdD6ImPwIMT2kCA"},"fileId":"fe687jGCRKhaAmY9PFe+MU"},"_contentSize":{"__type__":"cc.Size","width":110,"height":34}}]