[{"__type__":"cc.SceneAsset","_name":"game_scene","scene":{"__id__":1},"asyncLoadAssets":null},{"__type__":"cc.Scene","_name":"New Node","_children":[{"__id__":2}],"_anchorPoint":{"__type__":"cc.Vec2"},"autoReleaseAssets":false},{"__type__":"cc.Node","_name":"Canvas","_parent":{"__id__":1},"_children":[{"__id__":3},{"__id__":4},{"__id__":6},{"__id__":30},{"__id__":31},{"__id__":39},{"__id__":40}],"_components":[{"__type__":"cc.Canvas","node":{"__id__":2},"_designResolution":{"__type__":"cc.Size","width":720,"height":1280}},{"__type__":"fb2c8SxfF9E3I2+kTOAH7v2","node":{"__id__":2},"staticAtlas":{"__uuid__":"71gfdTZ6FMhZXNSq4Mt38P"},"versionLabel":{"__id__":41}}],"_id":"f4YepdpqJLX5pM69xEu+hC","_contentSize":{"__type__":"cc.Size","width":720,"height":1280},"_position":{"__type__":"cc.Vec2","x":360,"y":640}},{"__type__":"cc.Node","_parent":{"__id__":2},"_prefab":{"__type__":"cc.PrefabInfo","root":{"__id__":3},"asset":{"__uuid__":"3bIOngeB5KwZ5X1oeEKRcf"},"fileId":"28u3OmfPVNLqPAgAgaOwyC","sync":true},"_name":"bg_effect"},{"__type__":"cc.Node","_name":"table_bg","_parent":{"__id__":2},"_children":[{"__id__":5}],"_components":[{"__type__":"cc.Sprite","node":{"__id__":4},"_spriteFrame":{"__uuid__":"dbfckXjrBAHp5otE47o2OK"}}],"_contentSize":{"__type__":"cc.Size","width":482,"height":964},"_position":{"__type__":"cc.Vec2","y":-42}},{"__type__":"cc.Node","_parent":{"__id__":4},"_prefab":{"__type__":"cc.PrefabInfo","root":{"__id__":5},"asset":{"__uuid__":"dfFsfFgxFOR5sivDqEjecl"},"fileId":"85eoVcYApNBJY+nqR85rw9","sync":true},"_name":"game_dice","_position":{"__type__":"cc.Vec2","y":-100}},{"__type__":"cc.Node","_name":"info_node","_parent":{"__id__":2},"_children":[{"__id__":7},{"__id__":11},{"__id__":18},{"__id__":21}],"_components":[{"__type__":"a6423cCk/xMwovRKLYf4dZb","node":{"__id__":6},"roomName":{"__id__":10},"curNum":{"__id__":29},"creatorName":{"__id__":25},"diceNum":{"__id__":14},"betNum":{"__id__":17},"curCoin":{"__id__":20}},{"__type__":"cc.Widget","node":{"__id__":6},"_alignFlags":45}],"_contentSize":{"__type__":"cc.Size","width":720,"height":1280}},{"__type__":"cc.Node","_name":"name_layout","_parent":{"__id__":6},"_children":[{"__id__":8},{"__id__":9}],"_components":[{"__type__":"cc.Layout","node":{"__id__":7},"_layoutSize":{"__type__":"cc.Size","width":55,"height":50},"_resize":1,"_N$layoutType":1,"_N$spacingX":5}],"_contentSize":{"__type__":"cc.Size","width":55,"height":50},"_position":{"__type__":"cc.Vec2","y":120}},{"__type__":"cc.Node","_name":"least_tip","_parent":{"__id__":7},"_components":[{"__type__":"cc.Sprite","node":{"__id__":8},"_spriteFrame":{"__uuid__":"c86r0PhyVG6a4OrPAaTsjo"},"_sizeMode":0}],"_contentSize":{"__type__":"cc.Size","width":50,"height":41},"_position":{"__type__":"cc.Vec2","x":-2.5}},{"__type__":"cc.Node","_name":"room_name","_parent":{"__id__":7},"_components":[{"__id__":10}],"_color":{"__type__":"cc.Color","r":238,"g":204,"b":23},"_contentSize":{"__type__":"cc.Size","height":28},"_position":{"__type__":"cc.Vec2","x":27.5,"y":-5}},{"__type__":"33366L8b2xN67F56E96bR/N","node":{"__id__":9},"_useOriginalSize":false,"_actualFontSize":28,"_fontSize":28,"_lineHeight":28,"_N$horizontalAlign":1,"_N$verticalAlign":1,"_N$textKey":""},{"__type__":"cc.Node","_name":"game_bet_bg","_parent":{"__id__":6},"_children":[{"__id__":12},{"__id__":13},{"__id__":15},{"__id__":16}],"_components":[{"__type__":"cc.Sprite","node":{"__id__":11},"_spriteFrame":{"__uuid__":"889pdJksNP/qXSR1jejdxi"},"_type":1,"_sizeMode":0}],"_contentSize":{"__type__":"cc.Size","width":270,"height":63},"_position":{"__type__":"cc.Vec2","y":-412}},{"__type__":"cc.Node","_name":"tip","_parent":{"__id__":11},"_components":[{"__type__":"cc.Sprite","node":{"__id__":12},"_spriteFrame":{"__uuid__":"0byTfWNFpBzoJDl5xE5YRR"},"_sizeMode":0}],"_anchorPoint":{"__type__":"cc.Vec2","x":1,"y":0.5},"_contentSize":{"__type__":"cc.Size","width":50,"height":55},"_position":{"__type__":"cc.Vec2","x":-62}},{"__type__":"cc.Node","_name":"value","_parent":{"__id__":11},"_components":[{"__id__":14}],"_color":{"__type__":"cc.Color","r":238,"g":204,"b":23},"_anchorPoint":{"__type__":"cc.Vec2","y":0.5},"_contentSize":{"__type__":"cc.Size","width":16,"height":28},"_position":{"__type__":"cc.Vec2","x":-51}},{"__type__":"33366L8b2xN67F56E96bR/N","node":{"__id__":13},"_useOriginalSize":false,"_actualFontSize":28,"_fontSize":28,"_lineHeight":28,"_N$horizontalAlign":1,"_N$verticalAlign":1,"_string":"3","_N$textKey":""},{"__type__":"cc.Node","_name":"tip","_parent":{"__id__":11},"_components":[{"__type__":"cc.Sprite","node":{"__id__":15},"_spriteFrame":{"__uuid__":"cb5rVj86FCK7af+wvssbCP"},"_sizeMode":0}],"_anchorPoint":{"__type__":"cc.Vec2","x":1,"y":0.5},"_contentSize":{"__type__":"cc.Size","width":50,"height":55},"_position":{"__type__":"cc.Vec2","x":54}},{"__type__":"cc.Node","_name":"value","_parent":{"__id__":11},"_components":[{"__id__":17}],"_color":{"__type__":"cc.Color","r":238,"g":204,"b":23},"_anchorPoint":{"__type__":"cc.Vec2","y":0.5},"_contentSize":{"__type__":"cc.Size","width":47,"height":28},"_position":{"__type__":"cc.Vec2","x":59}},{"__type__":"33366L8b2xN67F56E96bR/N","node":{"__id__":16},"_useOriginalSize":false,"_actualFontSize":28,"_fontSize":28,"_lineHeight":28,"_N$horizontalAlign":1,"_N$verticalAlign":1,"_string":"100","_N$textKey":""},{"__type__":"cc.Node","_name":"hall_coin_icon","_parent":{"__id__":6},"_children":[{"__id__":19}],"_components":[{"__type__":"cc.Sprite","node":{"__id__":18},"_spriteFrame":{"__uuid__":"cb5rVj86FCK7af+wvssbCP"}},{"__type__":"cc.Widget","node":{"__id__":18},"_alignFlags":32,"_right":121}],"_contentSize":{"__type__":"cc.Size","width":32,"height":32},"_position":{"__type__":"cc.Vec2","x":223,"y":-608}},{"__type__":"cc.Node","_name":"cur_coin","_parent":{"__id__":18},"_components":[{"__id__":20}],"_anchorPoint":{"__type__":"cc.Vec2","y":0.5},"_contentSize":{"__type__":"cc.Size","width":100,"height":28},"_position":{"__type__":"cc.Vec2","x":24}},{"__type__":"33366L8b2xN67F56E96bR/N","node":{"__id__":19},"_useOriginalSize":false,"_actualFontSize":28,"_fontSize":28,"_lineHeight":28,"_N$horizontalAlign":1,"_N$verticalAlign":1,"_N$overflow":2,"_string":"0","_N$textKey":""},{"__type__":"cc.Node","_name":"game_topbg","_parent":{"__id__":6},"_children":[{"__id__":22},{"__id__":26}],"_components":[{"__type__":"cc.Sprite","node":{"__id__":21},"_spriteFrame":{"__uuid__":"47uFy6BI1KTI+TuDXa4eAw"},"_sizeMode":0},{"__type__":"cc.Widget","node":{"__id__":21},"_alignFlags":41,"_originalWidth":720}],"_contentSize":{"__type__":"cc.Size","width":720,"height":88},"_position":{"__type__":"cc.Vec2","y":596}},{"__type__":"cc.Node","_name":"game_name_bg","_parent":{"__id__":21},"_children":[{"__id__":23},{"__id__":24}],"_components":[{"__type__":"cc.Sprite","node":{"__id__":22},"_spriteFrame":{"__uuid__":"cfablWrghNCo/Hut98suup"},"_type":1,"_sizeMode":0},{"__type__":"cc.Widget","node":{"__id__":22},"_alignFlags":8,"_left":77}],"_anchorPoint":{"__type__":"cc.Vec2","y":0.5},"_contentSize":{"__type__":"cc.Size","width":450,"height":50},"_position":{"__type__":"cc.Vec2","x":-283,"y":1}},{"__type__":"cc.Node","_name":"tip","_parent":{"__id__":22},"_components":[{"__type__":"33366L8b2xN67F56E96bR/N","node":{"__id__":23},"_useOriginalSize":false,"_actualFontSize":22,"_fontSize":22,"_lineHeight":22,"_N$horizontalAlign":1,"_N$verticalAlign":1,"_N$overflow":2,"_string":"房主:","_N$textKey":"Game_3"}],"_anchorPoint":{"__type__":"cc.Vec2","x":1,"y":0.5},"_contentSize":{"__type__":"cc.Size","width":71,"height":22},"_position":{"__type__":"cc.Vec2","x":77}},{"__type__":"cc.Node","_name":"value","_parent":{"__id__":22},"_components":[{"__id__":25}],"_color":{"__type__":"cc.Color","r":38,"g":181,"b":241},"_anchorPoint":{"__type__":"cc.Vec2","y":0.5},"_contentSize":{"__type__":"cc.Size","width":154,"height":22},"_position":{"__type__":"cc.Vec2","x":81}},{"__type__":"33366L8b2xN67F56E96bR/N","node":{"__id__":24},"_useOriginalSize":false,"_actualFontSize":22,"_fontSize":22,"_lineHeight":22,"_N$horizontalAlign":1,"_N$verticalAlign":1,"_string":"昵称最大七个字","_N$textKey":""},{"__type__":"cc.Node","_name":"game_top_playerbg","_parent":{"__id__":21},"_children":[{"__id__":27},{"__id__":28}],"_components":[{"__type__":"cc.Sprite","node":{"__id__":26},"_spriteFrame":{"__uuid__":"e3Ml1Vg0BJD42VYHeVT8nL"},"_type":1,"_sizeMode":0},{"__type__":"cc.Widget","node":{"__id__":26},"_alignFlags":32,"_right":10}],"_contentSize":{"__type__":"cc.Size","width":100,"height":50},"_position":{"__type__":"cc.Vec2","x":300}},{"__type__":"cc.Node","_name":"tip","_parent":{"__id__":26},"_components":[{"__type__":"cc.Sprite","node":{"__id__":27},"_spriteFrame":{"__uuid__":"162VjxERhF75U4W4WDiO7E"}}],"_anchorPoint":{"__type__":"cc.Vec2","x":1,"y":0.5},"_contentSize":{"__type__":"cc.Size","width":21,"height":26},"_position":{"__type__":"cc.Vec2","x":-25}},{"__type__":"cc.Node","_name":"value","_parent":{"__id__":26},"_components":[{"__id__":29}],"_color":{"__type__":"cc.Color","r":38,"g":181,"b":241},"_contentSize":{"__type__":"cc.Size","width":52,"height":28},"_position":{"__type__":"cc.Vec2","x":13}},{"__type__":"33366L8b2xN67F56E96bR/N","node":{"__id__":28},"_useOriginalSize":false,"_actualFontSize":28,"_fontSize":28,"_lineHeight":28,"_N$horizontalAlign":1,"_N$verticalAlign":1,"_string":"1/11","_N$textKey":""},{"__type__":"cc.Node","_name":"player_list","_parent":{"__id__":2},"_components":[{"__type__":"a6526l/q0VN+J2TEpR+BtIa","node":{"__id__":30},"playerPre":{"__uuid__":"54m/a0JaRE5rT494ZXC8Ps"}},{"__type__":"cc.Widget","node":{"__id__":30},"_alignFlags":45}],"_contentSize":{"__type__":"cc.Size","width":720,"height":1280}},{"__type__":"cc.Node","_name":"tip_node","_parent":{"__id__":2},"_children":[{"__id__":32},{"__id__":34}],"_components":[{"__type__":"74f42Nd04FOb5o/ywcZR/VT","node":{"__id__":31},"tipLabel":{"__id__":36},"timeLabel":{"__id__":38},"btnBet":{"__id__":32},"countDownAudio":{"__uuid__":"64FsEk1MpG/aMYJ4MRnlyG"},"betAudio":{"__uuid__":"84Bh8CFU1EGYl41RKKL91E"}},{"__type__":"cc.Widget","node":{"__id__":31},"_alignFlags":45}],"_contentSize":{"__type__":"cc.Size","width":720,"height":1280}},{"__type__":"cc.Node","_name":"btn_bet","_parent":{"__id__":31},"_children":[{"__id__":33}],"_components":[{"__type__":"cc.Sprite","node":{"__id__":32},"_spriteFrame":{"__uuid__":"8enDtdm85I07+skqCrU3pJ"},"_type":1,"_sizeMode":0},{"__type__":"cc.Button","node":{"__id__":32},"transition":3,"zoomScale":1.1,"clickEvents":[{"__type__":"cc.ClickEvent","target":{"__id__":31},"component":"GameTip","handler":"onClickBet"}],"_N$target":{"__id__":32}}],"_contentSize":{"__type__":"cc.Size","width":160,"height":82},"_position":{"__type__":"cc.Vec2","y":-335}},{"__type__":"cc.Node","_name":"tip_text","_parent":{"__id__":32},"_components":[{"__type__":"33366L8b2xN67F56E96bR/N","node":{"__id__":33},"_useOriginalSize":false,"_actualFontSize":30,"_fontSize":30,"_lineHeight":35,"_N$horizontalAlign":1,"_N$verticalAlign":1,"_string":"下注","_N$textKey":"Game_4"}],"_contentSize":{"__type__":"cc.Size","width":45,"height":35}},{"__type__":"cc.Node","_name":"text_panel","_parent":{"__id__":31},"_children":[{"__id__":35},{"__id__":37}],"_components":[{"__type__":"cc.Layout","node":{"__id__":34},"_layoutSize":{"__type__":"cc.Size","width":115,"height":50},"_resize":1,"_N$layoutType":1}],"_contentSize":{"__type__":"cc.Size","width":115,"height":50},"_position":{"__type__":"cc.Vec2","y":60}},{"__type__":"cc.Node","_name":"tip_text","_parent":{"__id__":34},"_components":[{"__id__":36}],"_color":{"__type__":"cc.Color","r":255,"g":163},"_contentSize":{"__type__":"cc.Size","width":115,"height":35}},{"__type__":"33366L8b2xN67F56E96bR/N","node":{"__id__":35},"_useOriginalSize":false,"_actualFontSize":30,"_fontSize":30,"_lineHeight":35,"_N$horizontalAlign":1,"_N$verticalAlign":1,"_string":"请下注...","_N$textKey":""},{"__type__":"cc.Node","_name":"time_text","_parent":{"__id__":34},"_components":[{"__id__":38}],"_color":{"__type__":"cc.Color","r":255,"g":20},"_contentSize":{"__type__":"cc.Size","height":45},"_position":{"__type__":"cc.Vec2","x":57.5}},{"__type__":"33366L8b2xN67F56E96bR/N","node":{"__id__":37},"_useOriginalSize":false,"_lineHeight":45,"_N$horizontalAlign":1,"_N$verticalAlign":1,"_N$textKey":""},{"__type__":"cc.Node","_name":"btn_back","_parent":{"__id__":2},"_components":[{"__type__":"cc.Sprite","node":{"__id__":39},"_spriteFrame":{"__uuid__":"77kZUzfEBKrqhGu+Y/yPUr"}},{"__type__":"cc.Button","node":{"__id__":39},"transition":3,"zoomScale":1.1,"clickEvents":[{"__type__":"cc.ClickEvent","target":{"__id__":2},"component":"GameScene","handler":"onClickBack"}],"_N$target":{"__id__":39}},{"__type__":"cc.Widget","node":{"__id__":39},"_alignFlags":9,"_left":26,"_top":18.5}],"_contentSize":{"__type__":"cc.Size","width":38,"height":49},"_position":{"__type__":"cc.Vec2","x":-315,"y":597}},{"__type__":"cc.Node","_name":"version_label","_parent":{"__id__":2},"_components":[{"__id__":41},{"__type__":"cc.Widget","node":{"__id__":40},"_alignFlags":12,"_left":10,"_bottom":10}],"_anchorPoint":{"__type__":"cc.Vec2","y":0.5},"_contentSize":{"__type__":"cc.Size","width":54,"height":20},"_position":{"__type__":"cc.Vec2","x":-350,"y":-620}},{"__type__":"33366L8b2xN67F56E96bR/N","node":{"__id__":40},"_useOriginalSize":false,"_actualFontSize":20,"_fontSize":20,"_lineHeight":20,"_string":"v1.0.2","_N$textKey":""}]