[{"__type__":"cc.Prefab","_name":"register_layer","data":{"__id__":1}},{"__type__":"cc.Node","_name":"register_layer","_children":[{"__id__":2},{"__id__":3},{"__id__":6},{"__id__":10},{"__id__":14},{"__id__":18},{"__id__":22},{"__id__":24}],"_components":[{"__type__":"cc.Widget","node":{"__id__":1},"_alignFlags":45},{"__type__":"9c406k7J+NJf7Tb1t9Hc/zN","node":{"__id__":1},"hkttInput":{"__id__":9},"passInput":{"__id__":13},"inviteInput":{"__id__":17},"lasInput":{"__id__":21}}],"_prefab":{"__type__":"cc.PrefabInfo","root":{"__id__":1},"asset":{"__uuid__":"01S0EkHfxJCoo3Yws2cIJt"},"fileId":"b5J7GvdIBGjZYe6VEWSPuV"},"_contentSize":{"__type__":"cc.Size","width":720,"height":1280},"_position":{"__type__":"cc.Vec2","x":360,"y":640}},{"__type__":"cc.Node","_name":"register_bg","_parent":{"__id__":1},"_components":[{"__type__":"cc.Sprite","node":{"__id__":2},"_spriteFrame":{"__uuid__":"a1MBlYxlJCfbr+NLafyUtI"},"_sizeMode":0},{"__type__":"cc.Widget","node":{"__id__":2},"_alignFlags":45,"_originalWidth":720,"_originalHeight":1280}],"_prefab":{"__type__":"cc.PrefabInfo","root":{"__id__":1},"asset":{"__uuid__":"01S0EkHfxJCoo3Yws2cIJt"},"fileId":"c4hTLz9OhMxpW52YDrMgGA"},"_contentSize":{"__type__":"cc.Size","width":720,"height":1280}},{"__type__":"cc.Node","_name":"register_top_bg","_parent":{"__id__":1},"_children":[{"__id__":4},{"__id__":5}],"_components":[{"__type__":"cc.Sprite","node":{"__id__":3},"_spriteFrame":{"__uuid__":"4fLE3DWWZAyr8jo5tGUy11"},"_sizeMode":0},{"__type__":"cc.Widget","node":{"__id__":3},"_alignFlags":41,"_originalWidth":720}],"_prefab":{"__type__":"cc.PrefabInfo","root":{"__id__":1},"asset":{"__uuid__":"01S0EkHfxJCoo3Yws2cIJt"},"fileId":"d9gG7aO21KZYbhjUQ53pf8"},"_contentSize":{"__type__":"cc.Size","width":720,"height":121},"_position":{"__type__":"cc.Vec2","y":579.5}},{"__type__":"cc.Node","_name":"btn_back","_parent":{"__id__":3},"_components":[{"__type__":"cc.Sprite","node":{"__id__":4},"_spriteFrame":{"__uuid__":"3fOepK9eFOAbCcgONYssFJ"}},{"__type__":"cc.Button","node":{"__id__":4},"transition":3,"zoomScale":1.1,"clickEvents":[{"__type__":"cc.ClickEvent","target":{"__id__":1},"component":"RegisterView","handler":"onClickBack"}],"_N$target":{"__id__":4}},{"__type__":"cc.Widget","node":{"__id__":4},"_alignFlags":8,"_left":25.5}],"_prefab":{"__type__":"cc.PrefabInfo","root":{"__id__":1},"asset":{"__uuid__":"01S0EkHfxJCoo3Yws2cIJt"},"fileId":"1dakiNYEZHkYO/z6P/R/pb"},"_contentSize":{"__type__":"cc.Size","width":55,"height":70},"_position":{"__type__":"cc.Vec2","x":-307,"y":8}},{"__type__":"cc.Node","_name":"title_text","_parent":{"__id__":3},"_components":[{"__type__":"33366L8b2xN67F56E96bR/N","node":{"__id__":5},"_useOriginalSize":false,"_actualFontSize":43,"_fontSize":43,"_lineHeight":45,"_N$horizontalAlign":1,"_N$verticalAlign":1,"_string":"账号注册","_N$textKey":"Register_1"}],"_prefab":{"__type__":"cc.PrefabInfo","root":{"__id__":1},"asset":{"__uuid__":"01S0EkHfxJCoo3Yws2cIJt"},"fileId":"8fsBiIGGJEjYZpI6OABJlu"},"_contentSize":{"__type__":"cc.Size","width":229,"height":45},"_position":{"__type__":"cc.Vec2","y":11}},{"__type__":"cc.Node","_name":"input_hktt","_parent":{"__id__":1},"_children":[{"__id__":7},{"__id__":8}],"_components":[{"__type__":"cc.Sprite","node":{"__id__":6},"_spriteFrame":{"__uuid__":"f6dlY2sRNNXZjSenwgdB+K"},"_type":1,"_sizeMode":0},{"__type__":"cc.Widget","node":{"__id__":6},"_alignFlags":1,"_top":341}],"_prefab":{"__type__":"cc.PrefabInfo","root":{"__id__":1},"asset":{"__uuid__":"01S0EkHfxJCoo3Yws2cIJt"},"fileId":"79ereVuaNJJJJWyDCYGha+"},"_contentSize":{"__type__":"cc.Size","width":650,"height":140},"_position":{"__type__":"cc.Vec2","x":1,"y":229}},{"__type__":"cc.Node","_name":"input_tip","_parent":{"__id__":6},"_components":[{"__type__":"33366L8b2xN67F56E96bR/N","node":{"__id__":7},"_useOriginalSize":false,"_actualFontSize":33,"_fontSize":36,"_N$horizontalAlign":1,"_N$verticalAlign":1,"_N$overflow":2,"_string":"HKTT/LAS *:","_N$textKey":""}],"_prefab":{"__type__":"cc.PrefabInfo","root":{"__id__":1},"asset":{"__uuid__":"01S0EkHfxJCoo3Yws2cIJt"},"fileId":"5f6tbJ+i5DW6VxTZ2aGvaC"},"_color":{"__type__":"cc.Color","r":38,"g":181,"b":241},"_contentSize":{"__type__":"cc.Size","width":190,"height":40},"_position":{"__type__":"cc.Vec2","x":-194}},{"__type__":"cc.Node","_name":"input_box","_parent":{"__id__":6},"_components":[{"__id__":9}],"_prefab":{"__type__":"cc.PrefabInfo","root":{"__id__":1},"asset":{"__uuid__":"01S0EkHfxJCoo3Yws2cIJt"},"fileId":"1epjFBEk1ItLjQ+fT/ST9o"},"_anchorPoint":{"__type__":"cc.Vec2","y":0.5},"_contentSize":{"__type__":"cc.Size","width":365,"height":60},"_position":{"__type__":"cc.Vec2","x":-90}},{"__type__":"a0a1aK70nxAYIETevnKncbu","node":{"__id__":8},"_useOriginalSize":false,"_N$backgroundImage":{"__uuid__":"dbtDeYo4BLlY0pCQuOB+jZ"},"_N$inputMode":6,"_N$fontSize":30,"_N$fontColor":{"__type__":"cc.Color","r":38,"g":181,"b":241},"_N$placeholder":"请输入您的密码","_N$placeholderFontSize":30,"_N$maxLength":50,"_N$textKey":"EditRegister_4"},{"__type__":"cc.Node","_name":"input_pass","_parent":{"__id__":1},"_children":[{"__id__":11},{"__id__":12}],"_components":[{"__type__":"cc.Sprite","node":{"__id__":10},"_spriteFrame":{"__uuid__":"f6dlY2sRNNXZjSenwgdB+K"},"_type":1,"_sizeMode":0},{"__type__":"cc.Widget","node":{"__id__":10},"_alignFlags":1,"_top":515}],"_prefab":{"__type__":"cc.PrefabInfo","root":{"__id__":1},"asset":{"__uuid__":"01S0EkHfxJCoo3Yws2cIJt"},"fileId":"41NQBcfmdGja29BcFz4bA6"},"_contentSize":{"__type__":"cc.Size","width":650,"height":140},"_position":{"__type__":"cc.Vec2","x":1,"y":55}},{"__type__":"cc.Node","_name":"input_tip","_parent":{"__id__":10},"_components":[{"__type__":"33366L8b2xN67F56E96bR/N","node":{"__id__":11},"_useOriginalSize":false,"_actualFontSize":35,"_fontSize":36,"_N$horizontalAlign":1,"_N$verticalAlign":1,"_N$overflow":2,"_string":"输入密码:","_N$textKey":"Register_2"}],"_prefab":{"__type__":"cc.PrefabInfo","root":{"__id__":1},"asset":{"__uuid__":"01S0EkHfxJCoo3Yws2cIJt"},"fileId":"be5Qh3n9xNtK6edEVv+tpL"},"_color":{"__type__":"cc.Color","r":38,"g":181,"b":241},"_contentSize":{"__type__":"cc.Size","width":190,"height":40},"_position":{"__type__":"cc.Vec2","x":-194}},{"__type__":"cc.Node","_name":"input_box","_parent":{"__id__":10},"_components":[{"__id__":13}],"_prefab":{"__type__":"cc.PrefabInfo","root":{"__id__":1},"asset":{"__uuid__":"01S0EkHfxJCoo3Yws2cIJt"},"fileId":"ebBJoTsYFMWLoODR4RJHmU"},"_anchorPoint":{"__type__":"cc.Vec2","y":0.5},"_contentSize":{"__type__":"cc.Size","width":365,"height":60},"_position":{"__type__":"cc.Vec2","x":-90}},{"__type__":"a0a1aK70nxAYIETevnKncbu","node":{"__id__":12},"_useOriginalSize":false,"_N$backgroundImage":{"__uuid__":"dbtDeYo4BLlY0pCQuOB+jZ"},"_N$inputMode":6,"_N$fontSize":30,"_N$fontColor":{"__type__":"cc.Color","r":38,"g":181,"b":241},"_N$placeholder":"请输入您的密码","_N$placeholderFontSize":30,"_N$maxLength":50,"_N$textKey":"EditRegister_1"},{"__type__":"cc.Node","_name":"input_invite","_parent":{"__id__":1},"_children":[{"__id__":15},{"__id__":16}],"_components":[{"__type__":"cc.Sprite","node":{"__id__":14},"_spriteFrame":{"__uuid__":"f6dlY2sRNNXZjSenwgdB+K"},"_type":1,"_sizeMode":0},{"__type__":"cc.Widget","node":{"__id__":14},"_alignFlags":1,"_top":689}],"_prefab":{"__type__":"cc.PrefabInfo","root":{"__id__":1},"asset":{"__uuid__":"01S0EkHfxJCoo3Yws2cIJt"},"fileId":"163y7lQ7VMrpFIkFGS2/Eu"},"_contentSize":{"__type__":"cc.Size","width":650,"height":140},"_position":{"__type__":"cc.Vec2","x":1,"y":-119}},{"__type__":"cc.Node","_name":"input_tip","_parent":{"__id__":14},"_components":[{"__type__":"33366L8b2xN67F56E96bR/N","node":{"__id__":15},"_useOriginalSize":false,"_actualFontSize":24,"_fontSize":36,"_N$horizontalAlign":1,"_N$verticalAlign":1,"_N$overflow":2,"_string":"邀  请  码:","_N$textKey":"Register_3"}],"_prefab":{"__type__":"cc.PrefabInfo","root":{"__id__":1},"asset":{"__uuid__":"01S0EkHfxJCoo3Yws2cIJt"},"fileId":"73YyuYkABOJZ7rY/flwDUs"},"_color":{"__type__":"cc.Color","r":38,"g":181,"b":241},"_anchorPoint":{"__type__":"cc.Vec2","x":1,"y":0.5},"_contentSize":{"__type__":"cc.Size","width":190,"height":40},"_position":{"__type__":"cc.Vec2","x":-105}},{"__type__":"cc.Node","_name":"input_box","_parent":{"__id__":14},"_components":[{"__id__":17}],"_prefab":{"__type__":"cc.PrefabInfo","root":{"__id__":1},"asset":{"__uuid__":"01S0EkHfxJCoo3Yws2cIJt"},"fileId":"1flF731OZD4LYj81YeRLk+"},"_anchorPoint":{"__type__":"cc.Vec2","y":0.5},"_contentSize":{"__type__":"cc.Size","width":365,"height":60},"_position":{"__type__":"cc.Vec2","x":-90}},{"__type__":"a0a1aK70nxAYIETevnKncbu","node":{"__id__":16},"_useOriginalSize":false,"_N$backgroundImage":{"__uuid__":"dbtDeYo4BLlY0pCQuOB+jZ"},"_N$inputMode":6,"_N$fontSize":30,"_N$fontColor":{"__type__":"cc.Color","r":38,"g":181,"b":241},"_N$placeholder":"请输入好友的邀请码","_N$placeholderFontSize":30,"_N$maxLength":50,"_N$textKey":"EditRegister_2"},{"__type__":"cc.Node","_name":"input_las","_objFlags":512,"_parent":{"__id__":1},"_children":[{"__id__":19},{"__id__":20}],"_active":false,"_components":[{"__type__":"cc.Sprite","node":{"__id__":18},"_spriteFrame":{"__uuid__":"f6dlY2sRNNXZjSenwgdB+K"},"_type":1,"_sizeMode":0},{"__type__":"cc.Widget","node":{"__id__":18},"_alignFlags":1,"_top":683}],"_prefab":{"__type__":"cc.PrefabInfo","root":{"__id__":1},"asset":{"__uuid__":"01S0EkHfxJCoo3Yws2cIJt"},"fileId":"1cU2+bSg9ICLkUScw0NsK8"},"_contentSize":{"__type__":"cc.Size","width":650,"height":140},"_position":{"__type__":"cc.Vec2","x":1,"y":-113}},{"__type__":"cc.Node","_name":"input_tip","_parent":{"__id__":18},"_components":[{"__type__":"33366L8b2xN67F56E96bR/N","node":{"__id__":19},"_useOriginalSize":false,"_actualFontSize":36,"_fontSize":36,"_N$horizontalAlign":1,"_N$verticalAlign":1,"_N$overflow":2,"_string":"LAS:","_N$textKey":""}],"_prefab":{"__type__":"cc.PrefabInfo","root":{"__id__":1},"asset":{"__uuid__":"01S0EkHfxJCoo3Yws2cIJt"},"fileId":"1cqk9yMCJDpKVojFQG4W1H"},"_color":{"__type__":"cc.Color","r":38,"g":181,"b":241},"_anchorPoint":{"__type__":"cc.Vec2","x":1,"y":0.5},"_contentSize":{"__type__":"cc.Size","width":190,"height":40},"_position":{"__type__":"cc.Vec2","x":-105}},{"__type__":"cc.Node","_name":"input_box","_parent":{"__id__":18},"_components":[{"__id__":21}],"_prefab":{"__type__":"cc.PrefabInfo","root":{"__id__":1},"asset":{"__uuid__":"01S0EkHfxJCoo3Yws2cIJt"},"fileId":"42PNSqoZFFdLR02ILtFmU1"},"_anchorPoint":{"__type__":"cc.Vec2","y":0.5},"_contentSize":{"__type__":"cc.Size","width":365,"height":60},"_position":{"__type__":"cc.Vec2","x":-90}},{"__type__":"a0a1aK70nxAYIETevnKncbu","node":{"__id__":20},"_useOriginalSize":false,"_N$backgroundImage":{"__uuid__":"dbtDeYo4BLlY0pCQuOB+jZ"},"_N$inputMode":6,"_N$fontSize":30,"_N$fontColor":{"__type__":"cc.Color","r":38,"g":181,"b":241},"_N$placeholder":"请输入好友的邀请码","_N$placeholderFontSize":30,"_N$maxLength":50,"_N$textKey":"EditRegister_3"},{"__type__":"cc.Node","_name":"btn_register","_parent":{"__id__":1},"_children":[{"__id__":23}],"_components":[{"__type__":"cc.Sprite","node":{"__id__":22},"_spriteFrame":{"__uuid__":"44B/7Ey31ABKuAtA2k0gSw"},"_type":1,"_sizeMode":0},{"__type__":"cc.Button","node":{"__id__":22},"transition":3,"zoomScale":1.1,"clickEvents":[{"__type__":"cc.ClickEvent","target":{"__id__":1},"component":"RegisterView","handler":"onClickRegister"}],"_N$target":{"__id__":22}},{"__type__":"cc.Widget","node":{"__id__":22},"_alignFlags":1,"_top":868}],"_prefab":{"__type__":"cc.PrefabInfo","root":{"__id__":1},"asset":{"__uuid__":"01S0EkHfxJCoo3Yws2cIJt"},"fileId":"b8itqNN6lBcproCezjiEtc"},"_contentSize":{"__type__":"cc.Size","width":458,"height":102},"_position":{"__type__":"cc.Vec2","y":-279}},{"__type__":"cc.Node","_name":"New Label","_parent":{"__id__":22},"_components":[{"__type__":"33366L8b2xN67F56E96bR/N","node":{"__id__":23},"_useOriginalSize":false,"_lineHeight":45,"_N$horizontalAlign":1,"_N$verticalAlign":1,"_string":"确定注册","_N$textKey":"Register_4"}],"_prefab":{"__type__":"cc.PrefabInfo","root":{"__id__":1},"asset":{"__uuid__":"01S0EkHfxJCoo3Yws2cIJt"},"fileId":"a86Cr0vRdFA4XQ3OhhutC6"},"_contentSize":{"__type__":"cc.Size","width":149,"height":45}},{"__type__":"cc.Node","_name":"bottom_tipbg","_parent":{"__id__":1},"_children":[{"__id__":25},{"__id__":26}],"_components":[{"__type__":"cc.Sprite","node":{"__id__":24},"_spriteFrame":{"__uuid__":"a53Nhr1AtEkafPnT2TWbSV"},"_type":1,"_sizeMode":0},{"__type__":"cc.Widget","node":{"__id__":24},"_alignFlags":1,"_top":155,"_bottom":961}],"_prefab":{"__type__":"cc.PrefabInfo","root":{"__id__":1},"asset":{"__uuid__":"01S0EkHfxJCoo3Yws2cIJt"},"fileId":"e6zsufmOVDUa5csFKJUhFI"},"_contentSize":{"__type__":"cc.Size","width":652,"height":164},"_position":{"__type__":"cc.Vec2","y":403}},{"__type__":"cc.Node","_name":"desc_text","_parent":{"__id__":24},"_components":[{"__type__":"33366L8b2xN67F56E96bR/N","node":{"__id__":25},"_useOriginalSize":false,"_actualFontSize":24,"_fontSize":24,"_lineHeight":35,"_N$verticalAlign":1,"_N$overflow":3,"_string":"用户名将在注册成功后由系统自动分配！","_N$textKey":"Register_5"}],"_prefab":{"__type__":"cc.PrefabInfo","root":{"__id__":1},"asset":{"__uuid__":"01S0EkHfxJCoo3Yws2cIJt"},"fileId":"5eK1K7GtRDVr9gBXDvI5Ey"},"_color":{"__type__":"cc.Color","r":64,"g":202,"b":211},"_anchorPoint":{"__type__":"cc.Vec2","x":0.5,"y":1},"_contentSize":{"__type__":"cc.Size","width":600,"height":70},"_position":{"__type__":"cc.Vec2","y":60}},{"__type__":"cc.Node","_name":"author_text","_parent":{"__id__":24},"_components":[{"__type__":"33366L8b2xN67F56E96bR/N","node":{"__id__":26},"_useOriginalSize":false,"_actualFontSize":24,"_fontSize":24,"_N$horizontalAlign":1,"_N$verticalAlign":1,"_string":"——威廉希尔","_N$textKey":"Register_6"}],"_prefab":{"__type__":"cc.PrefabInfo","root":{"__id__":1},"asset":{"__uuid__":"01S0EkHfxJCoo3Yws2cIJt"},"fileId":"1d6UOFgNBDmbcSucIwfDyZ"},"_color":{"__type__":"cc.Color","r":64,"g":202,"b":211},"_anchorPoint":{"__type__":"cc.Vec2","x":1,"y":0.5},"_contentSize":{"__type__":"cc.Size","width":140,"height":40},"_position":{"__type__":"cc.Vec2","x":299,"y":-24}}]