[{"__type__":"cc.Prefab","_name":"invite_info","data":{"__id__":1}},{"__type__":"cc.Node","_name":"invite_info","_children":[{"__id__":2},{"__id__":3},{"__id__":6}],"_components":[{"__type__":"cc.Widget","node":{"__id__":1},"_alignFlags":45},{"__type__":"45c98IrZapJV4jI52LsM25z","node":{"__id__":1},"inviteCode":{"__id__":27},"recordAddress":{"__id__":12},"recordList":{"__id__":22},"recordItem":{"__id__":17},"recordDesc":{"__id__":16},"novalueTip":{"__id__":23},"vipList":{"__id__":37},"vipItem":{"__id__":32},"btnNext":{"__id__":39},"btnPre":{"__id__":40},"pageNum":{"__id__":42}}],"_prefab":{"__type__":"cc.PrefabInfo","root":{"__id__":1},"asset":{"__uuid__":"f0TxFrqW1HQaI/ufIOgyRc"},"fileId":"711SHNq1ZIq7IHA7IIi+oC"},"_contentSize":{"__type__":"cc.Size","width":720,"height":1280},"_position":{"__type__":"cc.Vec2","x":360,"y":640}},{"__type__":"cc.Node","_name":"register_bg","_parent":{"__id__":1},"_components":[{"__type__":"cc.Sprite","node":{"__id__":2},"_spriteFrame":{"__uuid__":"a1MBlYxlJCfbr+NLafyUtI"}},{"__type__":"cc.Widget","node":{"__id__":2},"_alignFlags":45,"_originalWidth":720,"_originalHeight":1280}],"_prefab":{"__type__":"cc.PrefabInfo","root":{"__id__":1},"asset":{"__uuid__":"f0TxFrqW1HQaI/ufIOgyRc"},"fileId":"32zCHjEoFMlYAPor7itgEH"},"_contentSize":{"__type__":"cc.Size","width":720,"height":1280}},{"__type__":"cc.Node","_name":"register_top_bg","_parent":{"__id__":1},"_children":[{"__id__":4},{"__id__":5}],"_components":[{"__type__":"cc.Sprite","node":{"__id__":3},"_spriteFrame":{"__uuid__":"4fLE3DWWZAyr8jo5tGUy11"}},{"__type__":"cc.Widget","node":{"__id__":3},"_alignFlags":41,"_originalWidth":720}],"_prefab":{"__type__":"cc.PrefabInfo","root":{"__id__":1},"asset":{"__uuid__":"f0TxFrqW1HQaI/ufIOgyRc"},"fileId":"ac5LdCAINOAbrAiJmxT7gB"},"_contentSize":{"__type__":"cc.Size","width":720,"height":121},"_position":{"__type__":"cc.Vec2","y":579.5}},{"__type__":"cc.Node","_name":"btn_back","_parent":{"__id__":3},"_components":[{"__type__":"cc.Sprite","node":{"__id__":4},"_spriteFrame":{"__uuid__":"3fOepK9eFOAbCcgONYssFJ"}},{"__type__":"cc.Button","node":{"__id__":4},"transition":3,"zoomScale":1.1,"clickEvents":[{"__type__":"cc.ClickEvent","target":{"__id__":1},"component":"InviteInfo","handler":"onClickBack"}],"_N$target":{"__id__":4}},{"__type__":"cc.Widget","node":{"__id__":4},"_alignFlags":8,"_left":25.5}],"_prefab":{"__type__":"cc.PrefabInfo","root":{"__id__":1},"asset":{"__uuid__":"f0TxFrqW1HQaI/ufIOgyRc"},"fileId":"b1yfqS6mxOPJyFDQVvWVg0"},"_contentSize":{"__type__":"cc.Size","width":55,"height":70},"_position":{"__type__":"cc.Vec2","x":-307,"y":8}},{"__type__":"cc.Node","_name":"title_text","_parent":{"__id__":3},"_components":[{"__type__":"33366L8b2xN67F56E96bR/N","node":{"__id__":5},"_useOriginalSize":false,"_actualFontSize":43,"_fontSize":43,"_N$horizontalAlign":1,"_N$verticalAlign":1,"_string":"邀请","_N$textKey":"Invite_1"}],"_prefab":{"__type__":"cc.PrefabInfo","root":{"__id__":1},"asset":{"__uuid__":"f0TxFrqW1HQaI/ufIOgyRc"},"fileId":"1ei6Gc0L5BIrHs6QCGi2Zv"},"_contentSize":{"__type__":"cc.Size","width":172,"height":40},"_position":{"__type__":"cc.Vec2","y":11}},{"__type__":"cc.Node","_name":"content_scroll","_parent":{"__id__":1},"_children":[{"__id__":7}],"_components":[{"__type__":"cc.ScrollView","node":{"__id__":6},"content":{"__id__":8},"horizontal":false,"brake":0.75,"bounceDuration":0.23,"_N$horizontalScrollBar":null,"_N$verticalScrollBar":null},{"__type__":"cc.Widget","node":{"__id__":6},"_alignFlags":45,"_top":100,"_originalWidth":240,"_originalHeight":250}],"_prefab":{"__type__":"cc.PrefabInfo","root":{"__id__":1},"asset":{"__uuid__":"f0TxFrqW1HQaI/ufIOgyRc"},"fileId":"a8Hnzys/BKh6MBsbJ08rOs"},"_color":{"__type__":"cc.Color","r":184,"g":184,"b":184},"_contentSize":{"__type__":"cc.Size","width":720,"height":1180},"_position":{"__type__":"cc.Vec2","y":-50}},{"__type__":"cc.Node","_name":"view","_parent":{"__id__":6},"_children":[{"__id__":8}],"_components":[{"__type__":"cc.Mask","node":{"__id__":7}},{"__type__":"cc.Widget","node":{"__id__":7},"_alignFlags":45,"_originalWidth":240,"_originalHeight":250}],"_prefab":{"__type__":"cc.PrefabInfo","root":{"__id__":1},"asset":{"__uuid__":"f0TxFrqW1HQaI/ufIOgyRc"},"fileId":"d9werTWz5HIJTvVrvCiJES"},"_contentSize":{"__type__":"cc.Size","width":720,"height":1180}},{"__type__":"cc.Node","_name":"content","_parent":{"__id__":7},"_children":[{"__id__":9},{"__id__":24},{"__id__":30}],"_components":[{"__type__":"cc.Widget","node":{"__id__":8},"_alignFlags":41,"_top":-5,"_bottom":390,"_originalWidth":220,"_originalHeight":400},{"__type__":"cc.Layout","node":{"__id__":8},"_layoutSize":{"__type__":"cc.Size","width":720,"height":1341},"_resize":1,"_N$layoutType":2,"_N$paddingTop":5,"_N$paddingBottom":5,"_N$spacingY":10}],"_prefab":{"__type__":"cc.PrefabInfo","root":{"__id__":1},"asset":{"__uuid__":"f0TxFrqW1HQaI/ufIOgyRc"},"fileId":"43xrlx8XRHEpxvDKMpeunC"},"_contentSize":{"__type__":"cc.Size","width":720,"height":1341},"_position":{"__type__":"cc.Vec2","y":-75.5}},{"__type__":"cc.Node","_name":"friend_bg","_parent":{"__id__":8},"_children":[{"__id__":10},{"__id__":13},{"__id__":15},{"__id__":17},{"__id__":20},{"__id__":23}],"_components":[{"__type__":"cc.Sprite","node":{"__id__":9},"_spriteFrame":{"__uuid__":"a53Nhr1AtEkafPnT2TWbSV"},"_type":1,"_sizeMode":0}],"_prefab":{"__type__":"cc.PrefabInfo","root":{"__id__":1},"asset":{"__uuid__":"f0TxFrqW1HQaI/ufIOgyRc"},"fileId":"bbecsdKUdNm6dZXXb87wTK"},"_contentSize":{"__type__":"cc.Size","width":660,"height":700},"_position":{"__type__":"cc.Vec2","y":315.5}},{"__type__":"cc.Node","_name":"num_input_bg","_parent":{"__id__":9},"_children":[{"__id__":11}],"_components":[{"__type__":"cc.Sprite","node":{"__id__":10},"_spriteFrame":{"__uuid__":"f6dlY2sRNNXZjSenwgdB+K"},"_type":1,"_sizeMode":0}],"_prefab":{"__type__":"cc.PrefabInfo","root":{"__id__":1},"asset":{"__uuid__":"f0TxFrqW1HQaI/ufIOgyRc"},"fileId":"e8ETRXJENH3avlk7KDm2P3"},"_contentSize":{"__type__":"cc.Size","width":455,"height":90},"_position":{"__type__":"cc.Vec2","x":-81,"y":279}},{"__type__":"cc.Node","_name":"convert_num","_parent":{"__id__":10},"_components":[{"__id__":12}],"_prefab":{"__type__":"cc.PrefabInfo","root":{"__id__":1},"asset":{"__uuid__":"f0TxFrqW1HQaI/ufIOgyRc"},"fileId":"92jbsOsCVIwoO7ejkdwVf5"},"_anchorPoint":{"__type__":"cc.Vec2","x":0.5052303049903427,"y":0.5},"_contentSize":{"__type__":"cc.Size","width":414,"height":60},"_position":{"__type__":"cc.Vec2","x":0.6}},{"__type__":"a0a1aK70nxAYIETevnKncbu","node":{"__id__":11},"_useOriginalSize":false,"_N$backgroundImage":{"__uuid__":"dbtDeYo4BLlY0pCQuOB+jZ"},"_N$inputMode":6,"_N$fontSize":24,"_N$placeholder":"钱包地址","_N$placeholderFontSize":24,"_N$maxLength":80,"_N$textKey":"EditInvite_1"},{"__type__":"cc.Node","_name":"btn_convert","_parent":{"__id__":9},"_children":[{"__id__":14}],"_components":[{"__type__":"cc.Sprite","node":{"__id__":13},"_spriteFrame":{"__uuid__":"44B/7Ey31ABKuAtA2k0gSw"},"_type":1,"_sizeMode":0},{"__type__":"cc.Button","node":{"__id__":13},"transition":3,"zoomScale":1.1,"clickEvents":[{"__type__":"cc.ClickEvent","target":{"__id__":1},"component":"InviteInfo","handler":"onClickSearch"}],"_N$target":{"__id__":13}}],"_prefab":{"__type__":"cc.PrefabInfo","root":{"__id__":1},"asset":{"__uuid__":"f0TxFrqW1HQaI/ufIOgyRc"},"fileId":"04559VfxBG87nCxY9jTvaH"},"_contentSize":{"__type__":"cc.Size","width":150,"height":70},"_position":{"__type__":"cc.Vec2","x":234,"y":279}},{"__type__":"cc.Node","_name":"New Label","_parent":{"__id__":13},"_components":[{"__type__":"33366L8b2xN67F56E96bR/N","node":{"__id__":14},"_useOriginalSize":false,"_actualFontSize":30,"_fontSize":30,"_lineHeight":30,"_N$horizontalAlign":1,"_N$verticalAlign":1,"_string":"查看收益","_N$textKey":"Invite_2"}],"_prefab":{"__type__":"cc.PrefabInfo","root":{"__id__":1},"asset":{"__uuid__":"f0TxFrqW1HQaI/ufIOgyRc"},"fileId":"3fZ/59iZpA7p7C519LnK85"},"_contentSize":{"__type__":"cc.Size","width":108,"height":30}},{"__type__":"cc.Node","_name":"desc_label","_parent":{"__id__":9},"_components":[{"__id__":16}],"_prefab":{"__type__":"cc.PrefabInfo","root":{"__id__":1},"asset":{"__uuid__":"f0TxFrqW1HQaI/ufIOgyRc"},"fileId":"95/Nw5fKtJx5hZAw7pOm4j"},"_anchorPoint":{"__type__":"cc.Vec2","x":0.5,"y":1},"_contentSize":{"__type__":"cc.Size","width":600,"height":28},"_position":{"__type__":"cc.Vec2","y":225}},{"__type__":"33366L8b2xN67F56E96bR/N","node":{"__id__":15},"_useOriginalSize":false,"_actualFontSize":20,"_fontSize":20,"_lineHeight":28,"_N$overflow":3,"_N$textKey":""},{"__type__":"cc.Node","_name":"record_item","_parent":{"__id__":9},"_children":[{"__id__":18},{"__id__":19}],"_active":false,"_components":[{"__type__":"cc.Layout","node":{"__id__":17},"_layoutSize":{"__type__":"cc.Size","width":280,"height":30},"_resize":1,"_N$layoutType":1}],"_prefab":{"__type__":"cc.PrefabInfo","root":{"__id__":1},"asset":{"__uuid__":"f0TxFrqW1HQaI/ufIOgyRc"},"fileId":"d1jJuya2VJDbfQ5Tzl+mJJ"},"_color":{"__type__":"cc.Color","r":64,"g":202,"b":211},"_contentSize":{"__type__":"cc.Size","width":280,"height":30},"_position":{"__type__":"cc.Vec2","x":-150,"y":-15}},{"__type__":"cc.Node","_name":"num","_parent":{"__id__":17},"_components":[{"__type__":"33366L8b2xN67F56E96bR/N","node":{"__id__":18},"_useOriginalSize":false,"_actualFontSize":20,"_fontSize":20,"_lineHeight":20,"_enableWrapText":false,"_N$horizontalAlign":1,"_N$overflow":2,"_string":"100.00","_N$textKey":""}],"_prefab":{"__type__":"cc.PrefabInfo","root":{"__id__":1},"asset":{"__uuid__":"f0TxFrqW1HQaI/ufIOgyRc"},"fileId":"f5PmB7qc1HM4cvomJvppFx"},"_contentSize":{"__type__":"cc.Size","width":120,"height":20},"_position":{"__type__":"cc.Vec2","x":-80}},{"__type__":"cc.Node","_name":"time","_parent":{"__id__":17},"_components":[{"__type__":"33366L8b2xN67F56E96bR/N","node":{"__id__":19},"_useOriginalSize":false,"_actualFontSize":20,"_fontSize":20,"_lineHeight":20,"_N$horizontalAlign":1,"_N$overflow":2,"_string":"2018/01/01","_N$textKey":""}],"_prefab":{"__type__":"cc.PrefabInfo","root":{"__id__":1},"asset":{"__uuid__":"f0TxFrqW1HQaI/ufIOgyRc"},"fileId":"ccDiGpqthHErBWpC7ZNXPs"},"_contentSize":{"__type__":"cc.Size","width":160,"height":20},"_position":{"__type__":"cc.Vec2","x":60}},{"__type__":"cc.Node","_name":"record_list","_parent":{"__id__":9},"_children":[{"__id__":21}],"_components":[{"__type__":"cc.ScrollView","node":{"__id__":20},"_enabled":false,"content":{"__id__":22},"horizontal":false,"brake":0.75,"bounceDuration":0.23,"_N$horizontalScrollBar":null,"_N$verticalScrollBar":null},{"__type__":"cc.Widget","node":{"__id__":20},"_alignFlags":45,"_top":211,"_bottom":9,"_originalWidth":240,"_originalHeight":250}],"_prefab":{"__type__":"cc.PrefabInfo","root":{"__id__":1},"asset":{"__uuid__":"f0TxFrqW1HQaI/ufIOgyRc"},"fileId":"a9lOymckNMVpn9qMs887Jc"},"_color":{"__type__":"cc.Color","r":184,"g":184,"b":184},"_anchorPoint":{"__type__":"cc.Vec2","x":0.5,"y":1},"_contentSize":{"__type__":"cc.Size","width":660,"height":480},"_position":{"__type__":"cc.Vec2","y":139}},{"__type__":"cc.Node","_name":"view","_parent":{"__id__":20},"_children":[{"__id__":22}],"_components":[{"__type__":"cc.Mask","node":{"__id__":21}},{"__type__":"cc.Widget","node":{"__id__":21},"_alignFlags":45,"_originalWidth":240,"_originalHeight":250}],"_prefab":{"__type__":"cc.PrefabInfo","root":{"__id__":1},"asset":{"__uuid__":"f0TxFrqW1HQaI/ufIOgyRc"},"fileId":"c5pJhQ5KlJZoYlFInGkaEC"},"_contentSize":{"__type__":"cc.Size","width":660,"height":480},"_position":{"__type__":"cc.Vec2","y":-240}},{"__type__":"cc.Node","_name":"content","_parent":{"__id__":21},"_components":[{"__type__":"cc.Widget","node":{"__id__":22},"_alignFlags":41,"_originalWidth":220},{"__type__":"cc.Layout","node":{"__id__":22},"_layoutSize":{"__type__":"cc.Size","width":660,"height":450},"_resize":1,"_N$layoutType":3,"_N$paddingLeft":40,"_N$spacingX":10}],"_prefab":{"__type__":"cc.PrefabInfo","root":{"__id__":1},"asset":{"__uuid__":"f0TxFrqW1HQaI/ufIOgyRc"},"fileId":"eb8YZqQzhPAr2L75fRH8aV"},"_anchorPoint":{"__type__":"cc.Vec2","x":0.5,"y":1},"_contentSize":{"__type__":"cc.Size","width":660,"height":450},"_position":{"__type__":"cc.Vec2","y":240}},{"__type__":"cc.Node","_name":"novalue_tip","_parent":{"__id__":9},"_components":[{"__type__":"33366L8b2xN67F56E96bR/N","node":{"__id__":23},"_useOriginalSize":false,"_N$textKey":"Invite_6"}],"_prefab":{"__type__":"cc.PrefabInfo","root":{"__id__":1},"asset":{"__uuid__":"f0TxFrqW1HQaI/ufIOgyRc"},"fileId":"1807neDs5CL49QlvA0MLCt"},"_contentSize":{"__type__":"cc.Size","width":140,"height":40}},{"__type__":"cc.Node","_name":"invite_bg","_parent":{"__id__":8},"_children":[{"__id__":25},{"__id__":26},{"__id__":28}],"_components":[{"__type__":"cc.Sprite","node":{"__id__":24},"_spriteFrame":{"__uuid__":"a53Nhr1AtEkafPnT2TWbSV"},"_type":1,"_sizeMode":0}],"_prefab":{"__type__":"cc.PrefabInfo","root":{"__id__":1},"asset":{"__uuid__":"f0TxFrqW1HQaI/ufIOgyRc"},"fileId":"48utssbotAko9Yh6PRmOMy"},"_contentSize":{"__type__":"cc.Size","width":660,"height":200},"_position":{"__type__":"cc.Vec2","y":-144.5}},{"__type__":"cc.Node","_name":"invite_tip","_parent":{"__id__":24},"_components":[{"__type__":"33366L8b2xN67F56E96bR/N","node":{"__id__":25},"_useOriginalSize":false,"_actualFontSize":30,"_fontSize":30,"_lineHeight":30,"_N$horizontalAlign":1,"_N$verticalAlign":1,"_string":"我的邀请码：","_N$textKey":"Invite_3"},{"__type__":"cc.Widget","node":{"__id__":25},"_alignFlags":9,"_left":40,"_top":30}],"_prefab":{"__type__":"cc.PrefabInfo","root":{"__id__":1},"asset":{"__uuid__":"f0TxFrqW1HQaI/ufIOgyRc"},"fileId":"47281TAgFNHIk840ZvJG3S"},"_color":{"__type__":"cc.Color","r":70,"g":210,"b":220},"_contentSize":{"__type__":"cc.Size","width":202,"height":30},"_position":{"__type__":"cc.Vec2","x":-189,"y":55}},{"__type__":"cc.Node","_name":"invite_code","_parent":{"__id__":24},"_components":[{"__id__":27}],"_prefab":{"__type__":"cc.PrefabInfo","root":{"__id__":1},"asset":{"__uuid__":"f0TxFrqW1HQaI/ufIOgyRc"},"fileId":"acawiGR2lGb60V4JNFpIym"},"_contentSize":{"__type__":"cc.Size","width":600,"height":30}},{"__type__":"33366L8b2xN67F56E96bR/N","node":{"__id__":26},"_useOriginalSize":false,"_actualFontSize":26,"_fontSize":30,"_lineHeight":30,"_N$horizontalAlign":1,"_N$verticalAlign":1,"_N$overflow":2,"_string":"0x4e166704ace2e80b8b4640d125f9688b3bd06b16","_N$textKey":""},{"__type__":"cc.Node","_name":"btn_copy","_parent":{"__id__":24},"_children":[{"__id__":29}],"_components":[{"__type__":"cc.Sprite","node":{"__id__":28},"_spriteFrame":{"__uuid__":"44B/7Ey31ABKuAtA2k0gSw"},"_type":1,"_sizeMode":0},{"__type__":"cc.Button","node":{"__id__":28},"transition":3,"zoomScale":1.1,"clickEvents":[{"__type__":"cc.ClickEvent","target":{"__id__":1},"component":"InviteInfo","handler":"onClickCopy"}],"_N$target":{"__id__":28}},{"__type__":"cc.Widget","node":{"__id__":28},"_alignFlags":36,"_right":23,"_bottom":12}],"_prefab":{"__type__":"cc.PrefabInfo","root":{"__id__":1},"asset":{"__uuid__":"f0TxFrqW1HQaI/ufIOgyRc"},"fileId":"9aBZHEyQFEw4y8jkPdpfDN"},"_contentSize":{"__type__":"cc.Size","width":150,"height":60},"_position":{"__type__":"cc.Vec2","x":232,"y":-58}},{"__type__":"cc.Node","_name":"New Label","_parent":{"__id__":28},"_components":[{"__type__":"33366L8b2xN67F56E96bR/N","node":{"__id__":29},"_useOriginalSize":false,"_actualFontSize":30,"_fontSize":30,"_lineHeight":30,"_N$horizontalAlign":1,"_N$verticalAlign":1,"_string":"复制","_N$textKey":"Invite_4"}],"_prefab":{"__type__":"cc.PrefabInfo","root":{"__id__":1},"asset":{"__uuid__":"f0TxFrqW1HQaI/ufIOgyRc"},"fileId":"51JRTr9jJH3btCYkEfZHU2"},"_contentSize":{"__type__":"cc.Size","width":70,"height":30}},{"__type__":"cc.Node","_name":"vip_bg","_parent":{"__id__":8},"_children":[{"__id__":31},{"__id__":32},{"__id__":35},{"__id__":38}],"_components":[{"__type__":"cc.Sprite","node":{"__id__":30},"_spriteFrame":{"__uuid__":"a53Nhr1AtEkafPnT2TWbSV"},"_type":1,"_sizeMode":0}],"_prefab":{"__type__":"cc.PrefabInfo","root":{"__id__":1},"asset":{"__uuid__":"f0TxFrqW1HQaI/ufIOgyRc"},"fileId":"5bNZZSqPBOQap59Oo4CG+B"},"_contentSize":{"__type__":"cc.Size","width":660,"height":411},"_position":{"__type__":"cc.Vec2","y":-460}},{"__type__":"cc.Node","_name":"charge_tip","_parent":{"__id__":30},"_components":[{"__type__":"33366L8b2xN67F56E96bR/N","node":{"__id__":31},"_useOriginalSize":false,"_actualFontSize":30,"_fontSize":30,"_lineHeight":30,"_N$horizontalAlign":1,"_N$verticalAlign":1,"_string":"贵宾列表：","_N$textKey":"Invite_5"},{"__type__":"cc.Widget","node":{"__id__":31},"_alignFlags":9,"_left":25,"_top":20.5}],"_prefab":{"__type__":"cc.PrefabInfo","root":{"__id__":1},"asset":{"__uuid__":"f0TxFrqW1HQaI/ufIOgyRc"},"fileId":"0dK3RGU/lLwYKtyebjoHej"},"_color":{"__type__":"cc.Color","r":64,"g":202,"b":211},"_contentSize":{"__type__":"cc.Size","width":133,"height":30},"_position":{"__type__":"cc.Vec2","x":-238.5,"y":170}},{"__type__":"cc.Node","_name":"record_item","_parent":{"__id__":30},"_children":[{"__id__":33},{"__id__":34}],"_active":false,"_components":[{"__type__":"cc.Layout","node":{"__id__":32},"_layoutSize":{"__type__":"cc.Size","width":610,"height":30},"_resize":1,"_N$layoutType":1}],"_prefab":{"__type__":"cc.PrefabInfo","root":{"__id__":1},"asset":{"__uuid__":"f0TxFrqW1HQaI/ufIOgyRc"},"fileId":"8989jQUxROAZf0VErwwI8U"},"_color":{"__type__":"cc.Color","r":64,"g":202,"b":211},"_contentSize":{"__type__":"cc.Size","width":610,"height":30},"_position":{"__type__":"cc.Vec2","y":-15}},{"__type__":"cc.Node","_name":"address","_parent":{"__id__":32},"_components":[{"__type__":"33366L8b2xN67F56E96bR/N","node":{"__id__":33},"_useOriginalSize":false,"_actualFontSize":20,"_fontSize":20,"_lineHeight":20,"_N$horizontalAlign":1,"_N$verticalAlign":1,"_N$overflow":2,"_string":"1111","_N$textKey":""}],"_prefab":{"__type__":"cc.PrefabInfo","root":{"__id__":1},"asset":{"__uuid__":"f0TxFrqW1HQaI/ufIOgyRc"},"fileId":"57WipHiVZADaaXymEcs/Vq"},"_contentSize":{"__type__":"cc.Size","width":450,"height":20},"_position":{"__type__":"cc.Vec2","x":-80}},{"__type__":"cc.Node","_name":"time","_parent":{"__id__":32},"_components":[{"__type__":"33366L8b2xN67F56E96bR/N","node":{"__id__":34},"_useOriginalSize":false,"_actualFontSize":20,"_fontSize":20,"_lineHeight":20,"_N$horizontalAlign":1,"_N$overflow":2,"_string":"2018/01/01","_N$textKey":""}],"_prefab":{"__type__":"cc.PrefabInfo","root":{"__id__":1},"asset":{"__uuid__":"f0TxFrqW1HQaI/ufIOgyRc"},"fileId":"c9++t8r0hALaDCejlSDNoA"},"_contentSize":{"__type__":"cc.Size","width":160,"height":20},"_position":{"__type__":"cc.Vec2","x":225}},{"__type__":"cc.Node","_name":"record_list","_parent":{"__id__":30},"_children":[{"__id__":36}],"_components":[{"__type__":"cc.ScrollView","node":{"__id__":35},"_enabled":false,"content":{"__id__":37},"horizontal":false,"brake":0.75,"bounceDuration":0.23,"_N$horizontalScrollBar":null,"_N$verticalScrollBar":null},{"__type__":"cc.Widget","node":{"__id__":35},"_alignFlags":45,"_top":60.5,"_bottom":50.5,"_originalWidth":240,"_originalHeight":250}],"_prefab":{"__type__":"cc.PrefabInfo","root":{"__id__":1},"asset":{"__uuid__":"f0TxFrqW1HQaI/ufIOgyRc"},"fileId":"c0BUJGeaFNPo5TbN6ccUKs"},"_color":{"__type__":"cc.Color","r":184,"g":184,"b":184},"_contentSize":{"__type__":"cc.Size","width":660,"height":300},"_position":{"__type__":"cc.Vec2","y":-5}},{"__type__":"cc.Node","_name":"view","_parent":{"__id__":35},"_children":[{"__id__":37}],"_components":[{"__type__":"cc.Mask","node":{"__id__":36}},{"__type__":"cc.Widget","node":{"__id__":36},"_alignFlags":45,"_originalWidth":240,"_originalHeight":250}],"_prefab":{"__type__":"cc.PrefabInfo","root":{"__id__":1},"asset":{"__uuid__":"f0TxFrqW1HQaI/ufIOgyRc"},"fileId":"f2ZaCEKM9LAIV9cRvGpF62"},"_contentSize":{"__type__":"cc.Size","width":660,"height":300}},{"__type__":"cc.Node","_name":"content","_parent":{"__id__":36},"_components":[{"__type__":"cc.Widget","node":{"__id__":37},"_alignFlags":41,"_originalWidth":220},{"__type__":"cc.Layout","node":{"__id__":37},"_layoutSize":{"__type__":"cc.Size","width":660,"height":270},"_resize":1,"_N$layoutType":2}],"_prefab":{"__type__":"cc.PrefabInfo","root":{"__id__":1},"asset":{"__uuid__":"f0TxFrqW1HQaI/ufIOgyRc"},"fileId":"1deKQjWSBNYZuwlJt7qLBJ"},"_anchorPoint":{"__type__":"cc.Vec2","x":0.5,"y":1},"_contentSize":{"__type__":"cc.Size","width":660,"height":270},"_position":{"__type__":"cc.Vec2","y":150}},{"__type__":"cc.Node","_name":"bottom_bg","_parent":{"__id__":30},"_children":[{"__id__":39},{"__id__":40},{"__id__":41}],"_components":[{"__type__":"cc.Widget","node":{"__id__":38},"_alignFlags":44,"_originalWidth":720}],"_prefab":{"__type__":"cc.PrefabInfo","root":{"__id__":1},"asset":{"__uuid__":"f0TxFrqW1HQaI/ufIOgyRc"},"fileId":"d6rub5KFNExZDM38vs05Bb"},"_contentSize":{"__type__":"cc.Size","width":660,"height":50},"_position":{"__type__":"cc.Vec2","y":-180.5}},{"__type__":"cc.Node","_name":"btn_next","_parent":{"__id__":38},"_components":[{"__type__":"cc.Sprite","node":{"__id__":39},"_spriteFrame":{"__uuid__":"3fOepK9eFOAbCcgONYssFJ"},"_sizeMode":0},{"__type__":"cc.Button","node":{"__id__":39},"transition":3,"zoomScale":1.1,"clickEvents":[{"__type__":"cc.ClickEvent","target":{"__id__":1},"component":"InviteInfo","handler":"onClickNextPage"}],"_N$target":{"__id__":39}},{"__type__":"cc.Widget","node":{"__id__":39},"_alignFlags":32,"_right":130}],"_prefab":{"__type__":"cc.PrefabInfo","root":{"__id__":1},"asset":{"__uuid__":"f0TxFrqW1HQaI/ufIOgyRc"},"fileId":"02CuNeavRH4qT7bTAEaCug"},"_contentSize":{"__type__":"cc.Size","width":40,"height":50},"_scaleX":-1,"_scaleY":-1,"_position":{"__type__":"cc.Vec2","x":180}},{"__type__":"cc.Node","_name":"btn_pre","_parent":{"__id__":38},"_components":[{"__type__":"cc.Sprite","node":{"__id__":40},"_spriteFrame":{"__uuid__":"3fOepK9eFOAbCcgONYssFJ"},"_sizeMode":0},{"__type__":"cc.Button","node":{"__id__":40},"transition":3,"zoomScale":1.1,"clickEvents":[{"__type__":"cc.ClickEvent","target":{"__id__":1},"component":"InviteInfo","handler":"onClickPrePage"}],"_N$target":{"__id__":40}},{"__type__":"cc.Widget","node":{"__id__":40},"_alignFlags":8,"_left":130}],"_prefab":{"__type__":"cc.PrefabInfo","root":{"__id__":1},"asset":{"__uuid__":"f0TxFrqW1HQaI/ufIOgyRc"},"fileId":"7a5zEx1A1EXLXpdHB1DMIX"},"_contentSize":{"__type__":"cc.Size","width":40,"height":50},"_position":{"__type__":"cc.Vec2","x":-180}},{"__type__":"cc.Node","_name":"page_num","_parent":{"__id__":38},"_components":[{"__id__":42}],"_prefab":{"__type__":"cc.PrefabInfo","root":{"__id__":1},"asset":{"__uuid__":"f0TxFrqW1HQaI/ufIOgyRc"},"fileId":"d7hV3CqBNItJID9iBaJiv5"},"_contentSize":{"__type__":"cc.Size","width":56,"height":40}},{"__type__":"33366L8b2xN67F56E96bR/N","node":{"__id__":41},"_useOriginalSize":false,"_string":"0/0","_N$textKey":""}]