[{"__type__":"cc.Prefab","_name":"tip_node","data":{"__id__":1}},{"__type__":"cc.Node","_name":"tip_node","_children":[{"__id__":2}],"_components":[{"__type__":"cc.Widget","node":{"__id__":1},"_alignFlags":42},{"__type__":"cc.Sprite","node":{"__id__":1},"_spriteFrame":{"__uuid__":"cayTe+KCpPA4g+nP0Idw67"},"_type":1,"_sizeMode":0},{"__type__":"cc.Layout","node":{"__id__":1},"_layoutSize":{"__type__":"cc.Size","width":720,"height":200},"_resize":1,"_N$layoutType":2,"_N$paddingTop":20,"_N$paddingBottom":20}],"_prefab":{"__type__":"cc.PrefabInfo","root":{"__id__":1},"asset":{"__uuid__":"8fWPpFQRVPBrR7hZvXKIBj"},"fileId":"44DtJFDVRGy5BC5a/wbK8F"},"_contentSize":{"__type__":"cc.Size","width":720,"height":200},"_position":{"__type__":"cc.Vec2","x":360,"y":640}},{"__type__":"cc.Node","_name":"tip_text","_parent":{"__id__":1},"_components":[{"__type__":"33366L8b2xN67F56E96bR/N","node":{"__id__":2},"_useOriginalSize":false,"_N$string":"提示","_N$horizontalAlign":1,"_N$verticalAlign":1,"_N$overflow":3,"_string":"asdfasdfasdfasdfwpfkpwefkpwokefpkwefkwpoefkpwokefpkwefkwefokwpofkpwoefpowkefpokwefkowpfkpwoefpwkefpwpwoeofkfkeoekfkfkfkfkfkfkfkfkf","_N$textKey":""},{"__type__":"cc.Widget","node":{"__id__":2},"_alignFlags":42,"_left":20,"_right":20,"_top":-20}],"_prefab":{"__type__":"cc.PrefabInfo","root":{"__id__":1},"asset":{"__uuid__":"8fWPpFQRVPBrR7hZvXKIBj"},"fileId":"17IvYxjwlEt79n8NCi8544"},"_contentSize":{"__type__":"cc.Size","width":680,"height":160}}]