[{"__type__":"cc.Prefab","_name":"reset_layer","data":{"__id__":1}},{"__type__":"cc.Node","_name":"reset_layer","_children":[{"__id__":2},{"__id__":6},{"__id__":9},{"__id__":12},{"__id__":15},{"__id__":17}],"_components":[{"__type__":"cc.Widget","node":{"__id__":1},"_alignFlags":45},{"__type__":"b70achxxWlLZ5YDkN1QamXF","node":{"__id__":1},"helpInput":{"__id__":11},"passInput":{"__id__":14}}],"_prefab":{"__type__":"cc.PrefabInfo","root":{"__id__":1},"asset":{"__uuid__":"06kI3GDkBNcpkEcgCTWwG+"},"fileId":"69wgmcV9NMcoOePkygurkG"},"_contentSize":{"__type__":"cc.Size","width":720,"height":1280},"_position":{"__type__":"cc.Vec2","x":360,"y":640}},{"__type__":"cc.Node","_name":"bg_effect","_parent":{"__id__":1},"_children":[{"__id__":3},{"__id__":4}],"_components":[{"__type__":"cc.Sprite","node":{"__id__":2},"_spriteFrame":{"__uuid__":"a1MBlYxlJCfbr+NLafyUtI"},"_sizeMode":0},{"__type__":"cc.Widget","node":{"__id__":2},"_alignFlags":45,"_originalWidth":720,"_originalHeight":1280},{"__type__":"b150euYBQhPmZ8ZTfySpr7m","node":{"__id__":2},"maskNode":{"__id__":4}}],"_prefab":{"__type__":"cc.PrefabInfo","root":{"__id__":1},"asset":{"__uuid__":"06kI3GDkBNcpkEcgCTWwG+"},"fileId":"90JGcLPXBNAKx2HO/zD9fr"},"_contentSize":{"__type__":"cc.Size","width":720,"height":1280}},{"__type__":"cc.Node","_name":"bg_highlight","_parent":{"__id__":2},"_components":[{"__type__":"cc.Sprite","node":{"__id__":3}}],"_prefab":{"__type__":"cc.PrefabInfo","root":{"__id__":1},"asset":{"__uuid__":"06kI3GDkBNcpkEcgCTWwG+"},"fileId":"deipfE0TZH+7caUKtFHQ4s"},"_opacity":0,"_contentSize":{"__type__":"cc.Size","width":720,"height":40}},{"__type__":"cc.Node","_name":"mask_node","_parent":{"__id__":2},"_children":[{"__id__":5}],"_components":[{"__type__":"cc.Mask","node":{"__id__":4},"_type":2,"_N$alphaThreshold":0},{"__type__":"cc.Widget","node":{"__id__":4},"_alignFlags":40,"_originalWidth":720}],"_prefab":{"__type__":"cc.PrefabInfo","root":{"__id__":1},"asset":{"__uuid__":"06kI3GDkBNcpkEcgCTWwG+"},"fileId":"07nN8OJgFJ5YL+R8SnyBX1"},"_contentSize":{"__type__":"cc.Size","width":720,"height":40},"_position":{"__type__":"cc.Vec2","y":620}},{"__type__":"cc.Node","_name":"bg_hight","_parent":{"__id__":4},"_components":[{"__type__":"cc.Sprite","node":{"__id__":5},"_spriteFrame":{"__uuid__":"312/p/U+lHSaYq87QLGiTI"}},{"__type__":"cc.Widget","node":{"__id__":5},"alignMode":2,"_target":{"__id__":2},"_alignFlags":45,"_originalWidth":720,"_originalHeight":1280}],"_prefab":{"__type__":"cc.PrefabInfo","root":{"__id__":1},"asset":{"__uuid__":"06kI3GDkBNcpkEcgCTWwG+"},"fileId":"0aJy7Fy+dNNIeFnJ1H1emX"},"_contentSize":{"__type__":"cc.Size","width":720,"height":1280},"_position":{"__type__":"cc.Vec2","y":-620}},{"__type__":"cc.Node","_name":"register_top_bg","_parent":{"__id__":1},"_children":[{"__id__":7},{"__id__":8}],"_components":[{"__type__":"cc.Sprite","node":{"__id__":6},"_spriteFrame":{"__uuid__":"4fLE3DWWZAyr8jo5tGUy11"}},{"__type__":"cc.Widget","node":{"__id__":6},"_alignFlags":41,"_originalWidth":720}],"_prefab":{"__type__":"cc.PrefabInfo","root":{"__id__":1},"asset":{"__uuid__":"06kI3GDkBNcpkEcgCTWwG+"},"fileId":"fciE/CvSVIb7FkLGECdyST"},"_contentSize":{"__type__":"cc.Size","width":720,"height":121},"_position":{"__type__":"cc.Vec2","y":579.5}},{"__type__":"cc.Node","_name":"btn_back","_parent":{"__id__":6},"_components":[{"__type__":"cc.Sprite","node":{"__id__":7},"_spriteFrame":{"__uuid__":"3fOepK9eFOAbCcgONYssFJ"}},{"__type__":"cc.Button","node":{"__id__":7},"transition":3,"zoomScale":1.1,"clickEvents":[{"__type__":"cc.ClickEvent","target":{"__id__":1},"component":"ResetLayer","handler":"onClickBack"}],"_N$target":{"__id__":7}},{"__type__":"cc.Widget","node":{"__id__":7},"_alignFlags":8,"_left":25.5}],"_prefab":{"__type__":"cc.PrefabInfo","root":{"__id__":1},"asset":{"__uuid__":"06kI3GDkBNcpkEcgCTWwG+"},"fileId":"dbWKAmaYpNn6bOlCXHOWdU"},"_contentSize":{"__type__":"cc.Size","width":55,"height":70},"_position":{"__type__":"cc.Vec2","x":-307,"y":8}},{"__type__":"cc.Node","_name":"title_text","_parent":{"__id__":6},"_components":[{"__type__":"33366L8b2xN67F56E96bR/N","node":{"__id__":8},"_useOriginalSize":false,"_actualFontSize":43,"_fontSize":43,"_N$string":"重置密码","_N$horizontalAlign":1,"_N$verticalAlign":1,"_N$textKey":"Reset_1"}],"_prefab":{"__type__":"cc.PrefabInfo","root":{"__id__":1},"asset":{"__uuid__":"06kI3GDkBNcpkEcgCTWwG+"},"fileId":"a67jB4sx1KG5gP/lyAAMm7"},"_contentSize":{"__type__":"cc.Size","width":172,"height":40},"_position":{"__type__":"cc.Vec2","y":11}},{"__type__":"cc.Node","_name":"input_helpcode","_parent":{"__id__":1},"_children":[{"__id__":10}],"_components":[{"__type__":"cc.Sprite","node":{"__id__":9},"_spriteFrame":{"__uuid__":"f6dlY2sRNNXZjSenwgdB+K"},"_type":1,"_sizeMode":0}],"_prefab":{"__type__":"cc.PrefabInfo","root":{"__id__":1},"asset":{"__uuid__":"06kI3GDkBNcpkEcgCTWwG+"},"fileId":"b24AQIFApCkrQsayCIIKh7"},"_contentSize":{"__type__":"cc.Size","width":661,"height":300},"_position":{"__type__":"cc.Vec2","y":350}},{"__type__":"cc.Node","_name":"input_box","_parent":{"__id__":9},"_components":[{"__id__":11},{"__type__":"cc.Widget","node":{"__id__":10},"_alignFlags":45,"_left":30,"_right":30,"_top":30,"_bottom":30,"_originalWidth":160,"_originalHeight":40}],"_prefab":{"__type__":"cc.PrefabInfo","root":{"__id__":1},"asset":{"__uuid__":"06kI3GDkBNcpkEcgCTWwG+"},"fileId":"fbEkeuX9JPgqNUDbgnee6D"},"_color":{"__type__":"cc.Color","r":38,"g":181,"b":241},"_contentSize":{"__type__":"cc.Size","width":601,"height":240}},{"__type__":"a0a1aK70nxAYIETevnKncbu","node":{"__id__":10},"_useOriginalSize":false,"_N$backgroundImage":{"__uuid__":"dbtDeYo4BLlY0pCQuOB+jZ"},"_N$fontSize":30,"_N$placeholder":"请输入注册时返回的根码","_N$placeholderFontSize":30,"_N$maxLength":200,"_N$textKey":"EditReset_1"},{"__type__":"cc.Node","_name":"input_newpass","_parent":{"__id__":1},"_children":[{"__id__":13}],"_components":[{"__type__":"cc.Sprite","node":{"__id__":12},"_spriteFrame":{"__uuid__":"f6dlY2sRNNXZjSenwgdB+K"},"_type":1,"_sizeMode":0}],"_prefab":{"__type__":"cc.PrefabInfo","root":{"__id__":1},"asset":{"__uuid__":"06kI3GDkBNcpkEcgCTWwG+"},"fileId":"85tUz9PmZPx6T7BeDidBAI"},"_contentSize":{"__type__":"cc.Size","width":661,"height":130},"_position":{"__type__":"cc.Vec2","y":100}},{"__type__":"cc.Node","_name":"input_box","_parent":{"__id__":12},"_components":[{"__id__":14},{"__type__":"cc.Widget","node":{"__id__":13},"_alignFlags":45,"_left":30,"_right":30,"_top":45,"_bottom":45,"_originalWidth":160,"_originalHeight":40}],"_prefab":{"__type__":"cc.PrefabInfo","root":{"__id__":1},"asset":{"__uuid__":"06kI3GDkBNcpkEcgCTWwG+"},"fileId":"a45dFq6qpF4roUn98qQPRS"},"_color":{"__type__":"cc.Color","r":38,"g":181,"b":241},"_contentSize":{"__type__":"cc.Size","width":601,"height":40}},{"__type__":"a0a1aK70nxAYIETevnKncbu","node":{"__id__":13},"_useOriginalSize":false,"_N$backgroundImage":{"__uuid__":"dbtDeYo4BLlY0pCQuOB+jZ"},"_N$inputMode":6,"_N$fontSize":32,"_N$fontColor":{"__type__":"cc.Color","r":38,"g":181,"b":241},"_N$placeholder":"请输入您的密码","_N$placeholderFontSize":32,"_N$maxLength":50,"_N$textKey":"EditReset_2"},{"__type__":"cc.Node","_name":"btn_reset","_parent":{"__id__":1},"_children":[{"__id__":16}],"_components":[{"__type__":"cc.Sprite","node":{"__id__":15},"_spriteFrame":{"__uuid__":"8enDtdm85I07+skqCrU3pJ"},"_type":1,"_sizeMode":0},{"__type__":"cc.Button","node":{"__id__":15},"transition":3,"zoomScale":1.1,"clickEvents":[{"__type__":"cc.ClickEvent","target":{"__id__":1},"component":"ResetLayer","handler":"onClickReset"}],"_N$target":{"__id__":15}}],"_prefab":{"__type__":"cc.PrefabInfo","root":{"__id__":1},"asset":{"__uuid__":"06kI3GDkBNcpkEcgCTWwG+"},"fileId":"01sfQ1OGVCTrkerIMxyVX2"},"_contentSize":{"__type__":"cc.Size","width":196,"height":92},"_position":{"__type__":"cc.Vec2","x":221,"y":-50}},{"__type__":"cc.Node","_name":"New Label","_parent":{"__id__":15},"_components":[{"__type__":"33366L8b2xN67F56E96bR/N","node":{"__id__":16},"_useOriginalSize":false,"_N$string":"重置","_N$horizontalAlign":1,"_N$verticalAlign":1,"_N$textKey":"Reset_2"}],"_prefab":{"__type__":"cc.PrefabInfo","root":{"__id__":1},"asset":{"__uuid__":"06kI3GDkBNcpkEcgCTWwG+"},"fileId":"9bWyw7tgNGwa6IIh0HG1wG"},"_contentSize":{"__type__":"cc.Size","width":80,"height":40}},{"__type__":"cc.Node","_name":"bottom_tipbg","_parent":{"__id__":1},"_children":[{"__id__":18},{"__id__":19}],"_components":[{"__type__":"cc.Sprite","node":{"__id__":17},"_spriteFrame":{"__uuid__":"a53Nhr1AtEkafPnT2TWbSV"},"_type":1,"_sizeMode":0},{"__type__":"cc.Widget","node":{"__id__":17},"_alignFlags":4,"_bottom":23}],"_prefab":{"__type__":"cc.PrefabInfo","root":{"__id__":1},"asset":{"__uuid__":"06kI3GDkBNcpkEcgCTWwG+"},"fileId":"17klrzXSVPRZkg23xsc8HT"},"_contentSize":{"__type__":"cc.Size","width":652,"height":164},"_position":{"__type__":"cc.Vec2","y":-535}},{"__type__":"cc.Node","_name":"desc_text","_parent":{"__id__":17},"_components":[{"__type__":"33366L8b2xN67F56E96bR/N","node":{"__id__":18},"_useOriginalSize":false,"_actualFontSize":24,"_fontSize":24,"_lineHeight":35,"_N$string":"其实我不喜欢赌，光凭运气，赌久了总会输。","_N$verticalAlign":1,"_N$overflow":3,"_N$textKey":"Reset_3"}],"_prefab":{"__type__":"cc.PrefabInfo","root":{"__id__":1},"asset":{"__uuid__":"06kI3GDkBNcpkEcgCTWwG+"},"fileId":"b1xDfmYOtNqpzltKpZVF8m"},"_color":{"__type__":"cc.Color","r":64,"g":202,"b":211},"_anchorPoint":{"__type__":"cc.Vec2","x":0.5,"y":1},"_contentSize":{"__type__":"cc.Size","width":600,"height":35},"_position":{"__type__":"cc.Vec2","y":60}},{"__type__":"cc.Node","_name":"author_text","_parent":{"__id__":17},"_components":[{"__type__":"33366L8b2xN67F56E96bR/N","node":{"__id__":19},"_useOriginalSize":false,"_actualFontSize":24,"_fontSize":24,"_N$string":"——王悦《掌丞天下》","_N$horizontalAlign":1,"_N$verticalAlign":1,"_N$textKey":"Reset_4"}],"_prefab":{"__type__":"cc.PrefabInfo","root":{"__id__":1},"asset":{"__uuid__":"06kI3GDkBNcpkEcgCTWwG+"},"fileId":"a10eCl2lZJ6Z6B6b+tGSwM"},"_color":{"__type__":"cc.Color","r":64,"g":202,"b":211},"_anchorPoint":{"__type__":"cc.Vec2","x":1,"y":0.5},"_contentSize":{"__type__":"cc.Size","width":144,"height":40},"_position":{"__type__":"cc.Vec2","x":299,"y":-30}}]